"","node","type"
"1","hsa-miR-489-3p","miRNA"
"2","hsa-miR-16-5p","miRNA"
"3","hsa-miR-21-5p","miRNA"
"4","hsa-miR-1-5p","miRNA"
"5","hsa-miR-148a-3p","miRNA"
"6","hsa-miR-129-5p","miRNA"
"7","hsa-miR-142-5p","miRNA"
"8","hsa-miR-132-3p","miRNA"
"9","hsa-miR-200b-3p","miRNA"
"10","hsa-miR-23a-3p","miRNA"
"11","hsa-miR-375","miRNA"
"12","hsa-miR-383-5p.1","miRNA"
"13","hsa-miR-144-3p","miRNA"
"14","hsa-miR-181a-5p","miRNA"
"15","hsa-miR-219a-5p","miRNA"
"16","hsa-miR-106a-5p","miRNA"
"17","hsa-miR-141-3p","miRNA"
"18","hsa-miR-451a","miRNA"
"19","hsa-miR-490-3p","miRNA"
"20","hsa-miR-216a-5p","miRNA"
"21","hsa-miR-216b-5p","miRNA"
"22","hsa-miR-101-3p.1","miRNA"
"23","hsa-miR-217","miRNA"
"24","hsa-miR-193a-3p","miRNA"
"25","hsa-miR-22-3p","miRNA"
"26","hsa-miR-196a-5p","miRNA"
"27","hsa-miR-130a-3p","miRNA"
"28","hsa-miR-140-5p","miRNA"
"29","hsa-miR-135a-5p","miRNA"
"30","hsa-miR-455-5p","miRNA"
"31","hsa-miR-338-3p","miRNA"
"32","hsa-miR-125b-5p","miRNA"
"33","hsa-miR-205-5p","miRNA"
"34","hsa-miR-143-3p","miRNA"
"35","hsa-let-7d-5p","miRNA"
"36","hsa-miR-222-3p","miRNA"
"37","hsa-miR-7-5p","miRNA"
"38","hsa-miR-24-3p","miRNA"
"39","hsa-miR-193a-5p","miRNA"
"40","hsa-miR-30b-5p","miRNA"
"41","hsa-miR-194-5p","miRNA"
"42","hsa-miR-19a-3p","miRNA"
"43","hsa-miR-142-3p.2","miRNA"
"44","hsa-miR-137","miRNA"
"45","hsa-miR-145-5p","miRNA"
"46","hsa-miR-204-5p","miRNA"
"47","hsa-miR-202-5p","miRNA"
"48","hsa-miR-203a-3p.2","miRNA"
"49","hsa-miR-455-3p.2","miRNA"
"50","hsa-miR-548ac","miRNA"
"51","hsa-miR-548ae-3p","miRNA"
"52","hsa-miR-548c-3p","miRNA"
"53","hsa-miR-548aa","miRNA"
"54","hsa-miR-548as-3p","miRNA"
"55","hsa-miR-548at-3p","miRNA"
"56","hsa-miR-548a-3p","miRNA"
"57","hsa-miR-548e-5p","miRNA"
"58","hsa-miR-548n","miRNA"
"59","hsa-miR-548az-5p","miRNA"
"60","hsa-miR-4668-3p","miRNA"
"61","hsa-miR-3662","miRNA"
"62","hsa-miR-4282","miRNA"
"63","hsa-miR-497-3p","miRNA"
"64","hsa-miR-1537-3p","miRNA"
"65","hsa-miR-7844-5p","miRNA"
"66","hsa-miR-548av-3p","miRNA"
"67","hsa-miR-548g-3p","miRNA"
"68","hsa-miR-3133","miRNA"
"69","hsa-miR-186-5p","miRNA"
"70","hsa-miR-4311","miRNA"
"71","hsa-miR-6835-3p","miRNA"
"72","hsa-miR-4422","miRNA"
"73","hsa-miR-320a","miRNA"
"74","hsa-miR-6768-3p","miRNA"
"75","hsa-miR-548ap-5p","miRNA"
"76","hsa-miR-548av-5p","miRNA"
"77","hsa-miR-548l","miRNA"
"78","hsa-miR-3609","miRNA"
"79","hsa-miR-548at-5p","miRNA"
"80","hsa-miR-561-3p","miRNA"
"81","hsa-miR-5692a","miRNA"
"82","hsa-miR-551b-5p","miRNA"
"83","hsa-miR-3646","miRNA"
"84","hsa-miR-1252-3p","miRNA"
"85","hsa-miR-4694-3p","miRNA"
"86","hsa-miR-10a-3p","miRNA"
"87","hsa-miR-3606-3p","miRNA"
"88","hsa-miR-495-3p","miRNA"
"89","hsa-miR-7-1-3p","miRNA"
"90","hsa-miR-4803","miRNA"
"91","hsa-miR-543","miRNA"
"92","hsa-miR-652-5p","miRNA"
"93","hsa-miR-6732-3p","miRNA"
"94","hsa-miR-3129-3p","miRNA"
"95","hsa-miR-582-3p","miRNA"
"96","hsa-miR-6507-5p","miRNA"
"97","hsa-miR-8087","miRNA"
"98","hsa-miR-3156-5p","miRNA"
"99","hsa-miR-99a-3p","miRNA"
"100","hsa-miR-6796-3p","miRNA"
"101","hsa-miR-320e","miRNA"
"102","hsa-miR-651-3p","miRNA"
"103","hsa-miR-4428","miRNA"
"104","hsa-miR-3173-3p","miRNA"
"105","hsa-miR-541-5p","miRNA"
"106","hsa-miR-4753-5p","miRNA"
"107","hsa-miR-548ba","miRNA"
"108","hsa-miR-562","miRNA"
"109","hsa-miR-3184-3p","miRNA"
"110","hsa-miR-1264","miRNA"
"111","hsa-miR-595","miRNA"
"112","hsa-miR-495-5p","miRNA"
"113","hsa-miR-382-5p","miRNA"
"114","hsa-miR-1277-5p","miRNA"
"115","hsa-miR-4517","miRNA"
"116","hsa-miR-5583-3p","miRNA"
"117","hsa-miR-34b-3p","miRNA"
"118","hsa-miR-500a-5p","miRNA"
"119","hsa-miR-580-5p","miRNA"
"120","hsa-miR-5197-5p","miRNA"
"121","hsa-miR-4506","miRNA"
"122","hsa-miR-513b-3p","miRNA"
"123","hsa-miR-8066","miRNA"
"124","hsa-miR-409-3p","miRNA"
"125","hsa-miR-33a-3p","miRNA"
"126","hsa-miR-944","miRNA"
"127","hsa-miR-4760-3p","miRNA"
"128","hsa-miR-302f","miRNA"
"129","hsa-miR-32-3p","miRNA"
"130","hsa-miR-590-3p","miRNA"
"131","hsa-miR-3529-3p","miRNA"
"132","hsa-miR-624-3p","miRNA"
"133","hsa-miR-338-5p","miRNA"
"134","hsa-miR-7849-3p","miRNA"
"135","hsa-miR-4789-3p","miRNA"
"136","hsa-miR-4643","miRNA"
"137","hsa-miR-5683","miRNA"
"138","hsa-miR-552-3p","miRNA"
"139","hsa-miR-5580-3p","miRNA"
"140","hsa-miR-499b-3p","miRNA"
"141","hsa-miR-4802-3p","miRNA"
"142","hsa-miR-942-3p","miRNA"
"143","hsa-miR-323a-3p","miRNA"
"144","hsa-miR-1255b-2-3p","miRNA"
"145","hsa-miR-634","miRNA"
"146","hsa-miR-1295b-5p","miRNA"
"147","hsa-miR-3130-5p","miRNA"
"148","hsa-miR-660-5p","miRNA"
"149","hsa-miR-574-3p","miRNA"
"150","hsa-miR-4637","miRNA"
"151","hsa-miR-4661-5p","miRNA"
"152","hsa-miR-3923","miRNA"
"153","hsa-miR-510-5p","miRNA"
"154","hsa-miR-508-5p","miRNA"
"155","hsa-miR-514a-5p","miRNA"
"156","hsa-miR-888-3p","miRNA"
"157","hsa-miR-4418","miRNA"
"158","hsa-miR-1243","miRNA"
"159","hsa-miR-892b","miRNA"
"160","hsa-miR-1183","miRNA"
"161","hsa-miR-4318","miRNA"
"162","hsa-miR-892a","miRNA"
"163","hsa-miR-452-5p","miRNA"
"164","hsa-miR-5003-3p","miRNA"
"165","hsa-miR-5680","miRNA"
"166","hsa-miR-5197-3p","miRNA"
"167","hsa-miR-3154","miRNA"
"168","hsa-miR-3925-5p","miRNA"
"169","hsa-miR-3123","miRNA"
"170","hsa-miR-577","miRNA"
"171","hsa-miR-576-3p","miRNA"
"172","hsa-miR-548p","miRNA"
"173","hsa-miR-451b","miRNA"
"174","hsa-miR-3942-5p","miRNA"
"175","hsa-miR-3908","miRNA"
"176","hsa-miR-4274","miRNA"
"177","hsa-miR-4519","miRNA"
"178","hsa-miR-6858-3p","miRNA"
"179","hsa-miR-575","miRNA"
"180","hsa-miR-3614-3p","miRNA"
"181","hsa-miR-6854-5p","miRNA"
"182","hsa-miR-4496","miRNA"
"183","hsa-miR-3914","miRNA"
"184","hsa-miR-4759","miRNA"
"185","hsa-miR-3169","miRNA"
"186","hsa-miR-8083","miRNA"
"187","hsa-miR-6888-5p","miRNA"
"188","hsa-miR-2392","miRNA"
"189","hsa-miR-1265","miRNA"
"190","hsa-miR-3159","miRNA"
"191","hsa-miR-4717-5p","miRNA"
"192","hsa-miR-15a-3p","miRNA"
"193","hsa-miR-3929","miRNA"
"194","hsa-miR-5584-5p","miRNA"
"195","hsa-miR-6760-5p","miRNA"
"196","hsa-miR-4739","miRNA"
"197","hsa-miR-6757-5p","miRNA"
"198","hsa-miR-4436b-3p","miRNA"
"199","hsa-miR-6813-5p","miRNA"
"200","hsa-miR-4716-3p","miRNA"
"201","hsa-miR-1182","miRNA"
"202","hsa-miR-1193","miRNA"
"203","hsa-miR-154-5p","miRNA"
"204","hsa-miR-4464","miRNA"
"205","hsa-miR-329-5p","miRNA"
"206","hsa-miR-624-5p","miRNA"
"207","hsa-miR-411-5p.1","miRNA"
"208","hsa-miR-8079","miRNA"
"209","hsa-miR-8062","miRNA"
"210","hsa-miR-519e-3p","miRNA"
"211","hsa-miR-4280","miRNA"
"212","hsa-miR-648","miRNA"
"213","hsa-miR-4255","miRNA"
"214","hsa-miR-101-5p","miRNA"
"215","hsa-miR-3168","miRNA"
"216","hsa-miR-6874-3p","miRNA"
"217","hsa-miR-5584-3p","miRNA"
"218","hsa-miR-4259","miRNA"
"219","hsa-miR-3163","miRNA"
"220","hsa-miR-369-3p","miRNA"
"221","hsa-miR-5692b","miRNA"
"222","hsa-miR-381-3p","miRNA"
"223","hsa-miR-4666a-3p","miRNA"
"224","hsa-miR-3651","miRNA"
"225","hsa-miR-7705","miRNA"
"226","hsa-miR-135a-3p","miRNA"
"227","hsa-miR-410-3p","miRNA"
"228","hsa-miR-5011-5p","miRNA"
"229","hsa-miR-8076","miRNA"
"230","hsa-miR-2115-3p","miRNA"
"231","hsa-miR-3617-3p","miRNA"
"232","hsa-miR-5094","miRNA"
"233","hsa-miR-154-3p","miRNA"
"234","hsa-miR-2681-3p","miRNA"
"235","hsa-miR-382-3p","miRNA"
"236","hsa-miR-5586-5p","miRNA"
"237","hsa-miR-4733-5p","miRNA"
"238","hsa-miR-188-5p","miRNA"
"239","hsa-miR-362-5p","miRNA"
"240","hsa-miR-501-5p","miRNA"
"241","hsa-miR-3200-5p","miRNA"
"242","hsa-miR-3126-3p","miRNA"
"243","hsa-miR-1298-3p","miRNA"
"244","hsa-miR-200a-5p","miRNA"
"245","hsa-miR-141-5p","miRNA"
"246","hsa-miR-4712-3p","miRNA"
"247","hsa-miR-1272","miRNA"
"248","hsa-miR-1322","miRNA"
"249","hsa-miR-501-3p","miRNA"
"250","hsa-miR-3146","miRNA"
"251","hsa-miR-3688-3p","miRNA"
"252","hsa-miR-1246","miRNA"
"253","hsa-miR-889-5p","miRNA"
"254","hsa-miR-5579-5p","miRNA"
"255","hsa-miR-218-2-3p","miRNA"
"256","hsa-miR-758-5p","miRNA"
"257","hsa-miR-4495","miRNA"
"258","hsa-miR-4657","miRNA"
"259","hsa-miR-511-3p","miRNA"
"260","hsa-miR-4307","miRNA"
"261","hsa-miR-6504-3p","miRNA"
"262","hsa-miR-892c-5p","miRNA"
"263","hsa-miR-506-5p","miRNA"
"264","hsa-miR-3938","miRNA"
"265","hsa-miR-4778-5p","miRNA"
"266","hsa-miR-4461","miRNA"
"267","hsa-miR-4699-3p","miRNA"
"268","hsa-miR-205-3p","miRNA"
"269","hsa-miR-5002-5p","miRNA"
"270","hsa-miR-3613-3p","miRNA"
"271","hsa-miR-1323","miRNA"
"272","hsa-miR-8063","miRNA"
"273","hsa-miR-4698","miRNA"
"274","hsa-miR-6715a-3p","miRNA"
"275","hsa-miR-330-3p","miRNA"
"276","hsa-miR-3973","miRNA"
"277","hsa-miR-520g-3p","miRNA"
"278","hsa-miR-4762-5p","miRNA"
"279","hsa-miR-105-5p","miRNA"
"280","hsa-miR-335-5p","miRNA"
"281","hsa-miR-6830-5p","miRNA"
"282","hsa-miR-4761-5p","miRNA"
"283","hsa-miR-6513-3p","miRNA"
"284","hsa-miR-95-5p","miRNA"
"285","hsa-miR-16-2-3p","miRNA"
"286","hsa-miR-4275","miRNA"
"287","hsa-miR-4457","miRNA"
"288","hsa-miR-125b-2-3p","miRNA"
"289","hsa-miR-4717-3p","miRNA"
"290","hsa-miR-1226-3p","miRNA"
"291","hsa-miR-4733-3p","miRNA"
"292","hsa-miR-500b-3p","miRNA"
"293","hsa-miR-6760-3p","miRNA"
"294","hsa-miR-1208","miRNA"
"295","hsa-miR-3919","miRNA"
"296","hsa-miR-4756-3p","miRNA"
"297","hsa-miR-759","miRNA"
"298","hsa-miR-1245b-3p","miRNA"
"299","hsa-miR-545-3p","miRNA"
"300","hsa-miR-5690","miRNA"
"301","hsa-miR-1207-3p","miRNA"
"302","hsa-miR-4459","miRNA"
"303","hsa-miR-4742-5p","miRNA"
"304","hsa-miR-6715b-5p","miRNA"
"305","hsa-miR-4514","miRNA"
"306","hsa-miR-4650-5p","miRNA"
"307","hsa-miR-211-3p","miRNA"
"308","hsa-miR-4441","miRNA"
"309","hsa-miR-6798-5p","miRNA"
"310","hsa-miR-6823-5p","miRNA"
"311","hsa-miR-125a-3p","miRNA"
"312","hsa-miR-764","miRNA"
"313","hsa-miR-3934-5p","miRNA"
"314","hsa-miR-16-1-3p","miRNA"
"315","hsa-miR-4704-3p","miRNA"
"316","hsa-miR-5693","miRNA"
"317","hsa-miR-194-3p","miRNA"
"318","hsa-miR-584-3p","miRNA"
"319","hsa-miR-4277","miRNA"
"320","hsa-miR-4328","miRNA"
"321","hsa-miR-6729-3p","miRNA"
"322","hsa-miR-5196-3p","miRNA"
"323","hsa-miR-8060","miRNA"
"324","hsa-miR-3607-5p","miRNA"
"325","hsa-miR-4528","miRNA"
"326","hsa-miR-4289","miRNA"
"327","hsa-miR-4729","miRNA"
"328","hsa-miR-1250-3p","miRNA"
"329","hsa-miR-153-5p","miRNA"
"330","hsa-miR-3691-3p","miRNA"
"331","hsa-miR-323b-3p","miRNA"
"332","hsa-miR-6777-3p","miRNA"
"333","hsa-miR-1273g-3p","miRNA"
"334","hsa-miR-488-5p","miRNA"
"335","hsa-miR-4530","miRNA"
"336","hsa-miR-665","miRNA"
"337","hsa-miR-6884-3p","miRNA"
"338","hsa-miR-6872-3p","miRNA"
"339","hsa-miR-186-3p","miRNA"
"340","hsa-miR-6814-5p","miRNA"
"341","hsa-miR-6793-3p","miRNA"
"342","hsa-miR-361-3p","miRNA"
"343","hsa-miR-345-3p","miRNA"
"344","hsa-miR-4732-3p","miRNA"
"345","hsa-miR-6072","miRNA"
"346","hsa-miR-5193","miRNA"
"347","hsa-miR-660-3p","miRNA"
"348","hsa-miR-877-3p","miRNA"
"349","hsa-miR-4324","miRNA"
"350","hsa-miR-544b","miRNA"
"351","hsa-miR-6748-3p","miRNA"
"352","hsa-miR-5699-3p","miRNA"
"353","hsa-miR-6734-3p","miRNA"
"354","hsa-miR-1237-3p","miRNA"
"355","hsa-miR-1248","miRNA"
"356","hsa-miR-6841-3p","miRNA"
"357","hsa-miR-5091","miRNA"
"358","hsa-miR-5739","miRNA"
"359","hsa-miR-1250-5p","miRNA"
"360","hsa-miR-6506-3p","miRNA"
"361","hsa-miR-138-1-3p","miRNA"
"362","hsa-miR-8067","miRNA"
"363","hsa-miR-628-3p","miRNA"
"364","hsa-miR-26a-1-3p","miRNA"
"365","hsa-miR-372-5p","miRNA"
"366","hsa-miR-342-3p","miRNA"
"367","hsa-miR-3664-3p","miRNA"
"368","hsa-miR-1266-5p","miRNA"
"369","hsa-miR-4797-3p","miRNA"
"370","hsa-miR-6758-3p","miRNA"
"371","hsa-miR-519d-5p","miRNA"
"372","hsa-miR-5695","miRNA"
"373","hsa-miR-766-3p","miRNA"
"374","hsa-miR-136-5p","miRNA"
"375","hsa-miR-3653-5p","miRNA"
"376","hsa-miR-1976","miRNA"
"377","hsa-miR-146a-3p","miRNA"
"378","hsa-miR-301a-5p","miRNA"
"379","hsa-miR-3921","miRNA"
"380","hsa-miR-6728-3p","miRNA"
"381","hsa-miR-518c-5p","miRNA"
"382","hsa-miR-6515-3p","miRNA"
"383","hsa-miR-1236-3p","miRNA"
"384","hsa-miR-130b-5p","miRNA"
"385","hsa-miR-4766-5p","miRNA"
"386","hsa-miR-6730-3p","miRNA"
"387","hsa-miR-3660","miRNA"
"388","hsa-miR-6719-3p","miRNA"
"389","hsa-miR-345-5p","miRNA"
"390","hsa-miR-4251","miRNA"
"391","hsa-miR-4649-3p","miRNA"
"392","hsa-miR-7162-3p","miRNA"
"393","hsa-miR-4682","miRNA"
"394","hsa-miR-4502","miRNA"
"395","hsa-miR-3920","miRNA"
"396","hsa-miR-4772-3p","miRNA"
"397","hsa-miR-2276-3p","miRNA"
"398","hsa-miR-3158-5p","miRNA"
"399","hsa-miR-1184","miRNA"
"400","hsa-miR-1205","miRNA"
"401","hsa-miR-17-3p","miRNA"
"402","hsa-miR-20a-3p","miRNA"
"403","hsa-miR-4769-3p","miRNA"
"404","hsa-miR-767-3p","miRNA"
"405","hsa-miR-875-3p","miRNA"
"406","hsa-miR-6128","miRNA"
"407","hsa-miR-4638-3p","miRNA"
"408","hsa-miR-378a-3p","miRNA"
"409","hsa-miR-378j","miRNA"
"410","hsa-miR-4794","miRNA"
"411","hsa-miR-4646-5p","miRNA"
"412","hsa-miR-4667-5p","miRNA"
"413","hsa-miR-6861-5p","miRNA"
"414","hsa-miR-6776-5p","miRNA"
"415","hsa-miR-4299","miRNA"
"416","hsa-miR-29b-1-5p","miRNA"
"417","hsa-miR-3137","miRNA"
"418","hsa-miR-4742-3p","miRNA"
"419","hsa-miR-215-3p","miRNA"
"420","hsa-miR-4679","miRNA"
"421","hsa-miR-6889-3p","miRNA"
"422","hsa-miR-7114-5p","miRNA"
"423","hsa-miR-134-3p","miRNA"
"424","hsa-miR-26b-3p","miRNA"
"425","hsa-miR-1267","miRNA"
"426","hsa-miR-367-5p","miRNA"
"427","hsa-miR-302a-5p","miRNA"
"428","hsa-miR-550b-3p","miRNA"
"429","hsa-miR-676-5p","miRNA"
"430","hsa-miR-6837-3p","miRNA"
"431","hsa-miR-942-5p","miRNA"
"432","hsa-miR-3182","miRNA"
"433","hsa-miR-4635","miRNA"
"434","hsa-miR-643","miRNA"
"435","hsa-miR-302d-5p","miRNA"
"436","hsa-miR-3124-3p","miRNA"
"437","hsa-miR-627-3p","miRNA"
"438","hsa-miR-570-3p","miRNA"
"439","hsa-miR-494-3p","miRNA"
"440","hsa-miR-5681a","miRNA"
"441","hsa-miR-6730-5p","miRNA"
"442","hsa-miR-4680-5p","miRNA"
"443","hsa-miR-7706","miRNA"
"444","hsa-miR-1252-5p","miRNA"
"445","hsa-miR-7515","miRNA"
"446","hsa-miR-5585-5p","miRNA"
"447","hsa-miR-4795-5p","miRNA"
"448","hsa-miR-15b-3p","miRNA"
"449","hsa-miR-4645-3p","miRNA"
"450","hsa-miR-3913-3p","miRNA"
"451","hsa-miR-4522","miRNA"
"452","hsa-miR-4513","miRNA"
"453","hsa-miR-6857-3p","miRNA"
"454","hsa-miR-5002-3p","miRNA"
"455","hsa-miR-539-5p","miRNA"
"456","hsa-miR-4693-3p","miRNA"
"457","hsa-miR-4708-5p","miRNA"
"458","hsa-miR-1273f","miRNA"
"459","hsa-miR-3670","miRNA"
"460","hsa-miR-3160-3p","miRNA"
"461","hsa-miR-558","miRNA"
"462","hsa-miR-4487","miRNA"
"463","hsa-miR-27b-5p","miRNA"
"464","hsa-miR-5004-5p","miRNA"
"465","hsa-miR-4751","miRNA"
"466","hsa-miR-3150b-3p","miRNA"
"467","hsa-miR-1185-5p","miRNA"
"468","hsa-miR-3605-5p","miRNA"
"469","hsa-miR-5008-5p","miRNA"
"470","hsa-miR-6089","miRNA"
"471","hsa-miR-3126-5p","miRNA"
"472","hsa-miR-6127","miRNA"
"473","hsa-miR-6804-5p","miRNA"
"474","hsa-miR-202-3p","miRNA"
"475","hsa-miR-7854-3p","miRNA"
"476","hsa-miR-6134","miRNA"
"477","hsa-miR-655-5p","miRNA"
"478","hsa-miR-377-5p","miRNA"
"479","hsa-miR-1911-5p","miRNA"
"480","hsa-miR-496.1","miRNA"
"481","hsa-miR-5702","miRNA"
"482","hsa-miR-4785","miRNA"
"483","hsa-miR-4765","miRNA"
"484","hsa-miR-4745-5p","miRNA"
"485","hsa-miR-219a-1-3p","miRNA"
"486","hsa-miR-571","miRNA"
"487","hsa-miR-3145-3p","miRNA"
"488","hsa-miR-4772-5p","miRNA"
"489","hsa-miR-4695-3p","miRNA"
"490","hsa-miR-3682-3p","miRNA"
"491","hsa-miR-3134","miRNA"
"492","hsa-miR-8069","miRNA"
"493","hsa-miR-509-3p","miRNA"
"494","hsa-miR-508-3p","miRNA"
"495","hsa-miR-4445-5p","miRNA"
"496","hsa-miR-548f-5p","miRNA"
"497","hsa-miR-4696","miRNA"
"498","hsa-miR-4708-3p","miRNA"
"499","hsa-miR-767-5p","miRNA"
"500","hsa-miR-3166","miRNA"
"501","hsa-miR-3665","miRNA"
"502","hsa-miR-6499-3p","miRNA"
"503","hsa-miR-5689","miRNA"
"504","hsa-miR-7112-3p","miRNA"
"505","hsa-miR-4711-5p","miRNA"
"506","hsa-miR-324-5p","miRNA"
"507","hsa-miR-5189-3p","miRNA"
"508","hsa-miR-4252","miRNA"
"509","hsa-miR-4641","miRNA"
"510","hsa-miR-4290","miRNA"
"511","hsa-miR-6791-3p","miRNA"
"512","hsa-miR-6811-3p","miRNA"
"513","hsa-miR-5581-5p","miRNA"
"514","hsa-miR-187-5p","miRNA"
"515","hsa-miR-548v","miRNA"
"516","hsa-miR-621","miRNA"
"517","hsa-miR-8086","miRNA"
"518","hsa-miR-31-3p","miRNA"
"519","hsa-miR-6502-5p","miRNA"
"520","hsa-miR-2115-5p","miRNA"
"521","hsa-miR-7162-5p","miRNA"
"522","hsa-miR-3160-5p","miRNA"
"523","hsa-miR-3140-3p","miRNA"
"524","hsa-miR-3148","miRNA"
"525","hsa-miR-4261","miRNA"
"526","hsa-miR-5093","miRNA"
"527","hsa-miR-6077","miRNA"
"528","hsa-miR-6828-5p","miRNA"
"529","hsa-miR-671-5p","miRNA"
"530","hsa-miR-4533","miRNA"
"531","hsa-miR-4740-5p","miRNA"
"532","hsa-miR-4434","miRNA"
"533","hsa-miR-6081","miRNA"
"534","hsa-miR-6500-5p","miRNA"
"535","hsa-miR-7154-3p","miRNA"
"536","hsa-miR-6894-5p","miRNA"
"537","hsa-miR-6797-5p","miRNA"
"538","hsa-miR-6851-5p","miRNA"
"539","hsa-miR-4653-3p","miRNA"
"540","hsa-miR-5191","miRNA"
"541","hsa-miR-4764-5p","miRNA"
"542","hsa-miR-4320","miRNA"
"543","hsa-miR-876-5p","miRNA"
"544","hsa-miR-1290","miRNA"
"545","hsa-miR-4736","miRNA"
"546","hsa-miR-1256","miRNA"
"547","hsa-miR-7155-3p","miRNA"
"548","hsa-miR-6735-3p","miRNA"
"549","hsa-miR-6069","miRNA"
"550","hsa-miR-4284","miRNA"
"551","hsa-miR-6822-3p","miRNA"
"552","hsa-miR-760","miRNA"
"553","hsa-miR-604","miRNA"
"554","hsa-miR-6762-3p","miRNA"
"555","hsa-miR-3119","miRNA"
"556","hsa-miR-4668-5p","miRNA"
"557","hsa-miR-3153","miRNA"
"558","hsa-miR-4747-5p","miRNA"
"559","hsa-miR-6716-5p","miRNA"
"560","hsa-miR-3649","miRNA"
"561","hsa-miR-6878-5p","miRNA"
"562","hsa-miR-6827-5p","miRNA"
"563","hsa-miR-6090","miRNA"
"564","hsa-miR-4300","miRNA"
"565","hsa-miR-7106-5p","miRNA"
"566","hsa-miR-6785-5p","miRNA"
"567","hsa-miR-6799-5p","miRNA"
"568","hsa-miR-4713-3p","miRNA"
"569","hsa-miR-638","miRNA"
"570","hsa-miR-6721-5p","miRNA"
"571","hsa-miR-3945","miRNA"
"572","hsa-miR-6862-5p","miRNA"
"573","hsa-miR-4437","miRNA"
"574","hsa-miR-27a-5p","miRNA"
"575","hsa-miR-4725-3p","miRNA"
"576","hsa-miR-3144-5p","miRNA"
"577","hsa-miR-3191-3p","miRNA"
"578","hsa-miR-4652-5p","miRNA"
"579","hsa-miR-6825-5p","miRNA"
"580","hsa-miR-4450","miRNA"
"581","hsa-miR-4283","miRNA"
"582","hsa-miR-4723-5p","miRNA"
"583","hsa-miR-6835-5p","miRNA"
"584","hsa-miR-6842-5p","miRNA"
"585","hsa-miR-4651","miRNA"
"586","hsa-miR-1293","miRNA"
"587","hsa-miR-6772-5p","miRNA"
"588","hsa-miR-4455","miRNA"
"589","hsa-miR-609","miRNA"
"590","hsa-miR-23a-5p","miRNA"
"591","hsa-miR-4650-3p","miRNA"
"592","hsa-miR-379-5p","miRNA"
"593","hsa-miR-4451","miRNA"
"594","hsa-miR-5681b","miRNA"
"595","hsa-miR-4792","miRNA"
"596","hsa-miR-4710","miRNA"
"597","hsa-miR-6880-5p","miRNA"
"598","hsa-miR-876-3p","miRNA"
"599","hsa-miR-3650","miRNA"
"600","hsa-miR-597-3p","miRNA"
"601","hsa-miR-299-5p","miRNA"
"602","hsa-miR-5087","miRNA"
"603","hsa-miR-8065","miRNA"
"604","hsa-miR-3713","miRNA"
"605","hsa-miR-496.2","miRNA"
"606","hsa-miR-630","miRNA"
"607","hsa-miR-616-3p","miRNA"
"608","hsa-miR-198","miRNA"
"609","hsa-miR-200c-5p","miRNA"
"610","hsa-miR-6740-3p","miRNA"
"611","hsa-miR-6830-3p","miRNA"
"612","hsa-miR-1257","miRNA"
"613","hsa-miR-4316","miRNA"
"614","hsa-miR-1294","miRNA"
"615","hsa-miR-1227-3p","miRNA"
"616","hsa-miR-3190-3p","miRNA"
"617","hsa-miR-7847-3p","miRNA"
"618","hsa-miR-4648","miRNA"
"619","hsa-miR-6778-5p","miRNA"
"620","hsa-miR-4654","miRNA"
"621","hsa-miR-4417","miRNA"
"622","hsa-miR-491-5p","miRNA"
"623","hsa-miR-3151-5p","miRNA"
"624","hsa-miR-4447","miRNA"
"625","hsa-miR-6742-5p","miRNA"
"626","hsa-miR-6748-5p","miRNA"
"627","hsa-miR-6793-5p","miRNA"
"628","hsa-miR-3657","miRNA"
"629","hsa-miR-4669","miRNA"
"630","hsa-miR-4711-3p","miRNA"
"631","hsa-miR-3911","miRNA"
"632","hsa-miR-569","miRNA"
"633","hsa-miR-1258","miRNA"
"634","hsa-miR-642b-5p","miRNA"
"635","hsa-miR-4326","miRNA"
"636","hsa-miR-2117","miRNA"
"637","hsa-miR-2116-5p","miRNA"
"638","hsa-miR-22-5p","miRNA"
"639","hsa-miR-4684-3p","miRNA"
"640","hsa-miR-4423-5p","miRNA"
"641","hsa-miR-4425","miRNA"
"642","hsa-miR-3147","miRNA"
"643","hsa-miR-3613-5p","miRNA"
"644","hsa-miR-8068","miRNA"
"645","hsa-miR-2052","miRNA"
"646","hsa-miR-19a-5p","miRNA"
"647","hsa-miR-9-3p","miRNA"
"648","hsa-miR-3143","miRNA"
"649","hsa-miR-4764-3p","miRNA"
"650","hsa-miR-633","miRNA"
"651","hsa-miR-889-3p","miRNA"
"652","hsa-miR-4775","miRNA"
"653","hsa-miR-466","miRNA"
"654","hsa-miR-582-5p","miRNA"
"655","hsa-miR-5591-3p","miRNA"
"656","hsa-miR-4788","miRNA"
"657","hsa-miR-4693-5p","miRNA"
"658","hsa-miR-3682-5p","miRNA"
"659","hsa-miR-877-5p","miRNA"
"660","hsa-miR-6866-5p","miRNA"
"661","hsa-miR-376a-5p","miRNA"
"662","hsa-miR-4766-3p","miRNA"
"663","hsa-miR-4662a-5p","miRNA"
"664","hsa-miR-5579-3p","miRNA"
"665","hsa-miR-3117-3p","miRNA"
"666","hsa-miR-5704","miRNA"
"667","hsa-miR-6800-5p","miRNA"
"668","hsa-miR-6802-5p","miRNA"
"669","hsa-miR-4474-5p","miRNA"
"670","hsa-miR-3606-5p","miRNA"
"671","hsa-miR-921","miRNA"
"672","hsa-miR-340-5p","miRNA"
"673","hsa-miR-374b-5p","miRNA"
"674","hsa-let-7f-1-3p","miRNA"
"675","hsa-miR-4789-5p","miRNA"
"676","hsa-let-7f-2-3p","miRNA"
"677","hsa-miR-3144-3p","miRNA"
"678","hsa-miR-190a-3p","miRNA"
"679","hsa-miR-361-5p","miRNA"
"680","hsa-miR-584-5p","miRNA"
"681","hsa-miR-4477a","miRNA"
"682","hsa-miR-5701","miRNA"
"683","hsa-miR-3671","miRNA"
"684","hsa-miR-561-5p","miRNA"
"685","hsa-miR-513b-5p","miRNA"
"686","hsa-miR-513a-5p","miRNA"
"687","hsa-miR-6802-3p","miRNA"
"688","hsa-miR-181b-2-3p","miRNA"
"689","hsa-miR-653-3p","miRNA"
"690","hsa-miR-5100","miRNA"
"691","hsa-miR-3157-5p","miRNA"
"692","hsa-miR-3127-5p","miRNA"
"693","hsa-miR-4276","miRNA"
"694","hsa-miR-485-3p","miRNA"
"695","hsa-miR-376b-3p","miRNA"
"696","hsa-miR-5007-3p","miRNA"
"697","hsa-miR-452-3p","miRNA"
"698","hsa-miR-7154-5p","miRNA"
"699","hsa-miR-433-3p","miRNA"
"700","hsa-miR-5696","miRNA"
"701","hsa-miR-579-3p","miRNA"
"702","hsa-miR-525-5p","miRNA"
"703","hsa-miR-5581-3p","miRNA"
"704","hsa-miR-670-5p","miRNA"
"705","hsa-miR-623","miRNA"
"706","hsa-miR-5571-3p","miRNA"
"707","hsa-miR-7975","miRNA"
"708","hsa-miR-337-3p","miRNA"
"709","hsa-miR-6792-3p","miRNA"
"710","hsa-miR-6749-3p","miRNA"
"711","hsa-miR-7111-3p","miRNA"
"712","hsa-miR-6780a-3p","miRNA"
"713","hsa-miR-6881-3p","miRNA"
"714","hsa-miR-378a-5p","miRNA"
"715","hsa-miR-1200","miRNA"
"716","hsa-miR-6868-3p","miRNA"
"717","hsa-miR-502-5p","miRNA"
"718","hsa-miR-4790-5p","miRNA"
"719","hsa-miR-4799-5p","miRNA"
"720","hsa-miR-513c-5p","miRNA"
"721","hsa-miR-515-5p","miRNA"
"722","hsa-miR-4279","miRNA"
"723","hsa-miR-4684-5p","miRNA"
"724","hsa-miR-3191-5p","miRNA"
"725","hsa-miR-4753-3p","miRNA"
"726","hsa-miR-4727-5p","miRNA"
"727","hsa-miR-6828-3p","miRNA"
"728","hsa-miR-6071","miRNA"
"729","hsa-miR-1299","miRNA"
"730","hsa-miR-516b-5p","miRNA"
"731","hsa-miR-5706","miRNA"
"732","hsa-miR-4314","miRNA"
"733","hsa-miR-526b-5p","miRNA"
"734","hsa-miR-6844","miRNA"
"735","hsa-miR-653-5p","miRNA"
"736","hsa-miR-488-3p","miRNA"
"737","hsa-miR-7158-3p","miRNA"
"738","hsa-miR-203b-3p","miRNA"
"739","hsa-miR-4452","miRNA"
"740","hsa-miR-580-3p","miRNA"
"741","hsa-miR-3915","miRNA"
"742","hsa-miR-1224-5p","miRNA"
"743","hsa-miR-4689","miRNA"
"744","hsa-miR-6765-5p","miRNA"
"745","hsa-miR-6834-5p","miRNA"
"746","hsa-miR-1226-5p","miRNA"
"747","hsa-miR-6734-5p","miRNA"
"748","hsa-miR-937-5p","miRNA"
"749","hsa-miR-627-5p","miRNA"
"750","hsa-miR-3161","miRNA"
"751","hsa-miR-7641","miRNA"
"752","hsa-miR-518a-5p","miRNA"
"753","hsa-miR-106a-3p","miRNA"
"754","hsa-miR-6811-5p","miRNA"
"755","hsa-miR-3064-3p","miRNA"
"756","hsa-miR-4639-5p","miRNA"
"757","hsa-miR-5089-3p","miRNA"
"758","hsa-miR-449c-3p","miRNA"
"759","hsa-miR-1273e","miRNA"
"760","hsa-miR-6079","miRNA"
"761","hsa-miR-5009-5p","miRNA"
"762","hsa-miR-4531","miRNA"
"763","hsa-miR-1270","miRNA"
"764","hsa-miR-6874-5p","miRNA"
"765","hsa-miR-1261","miRNA"
"766","hsa-miR-432-3p","miRNA"
"767","hsa-miR-328-3p","miRNA"
"768","hsa-miR-8057","miRNA"
"769","hsa-miR-647","miRNA"
"770","hsa-miR-3689a-3p","miRNA"
"771","hsa-miR-769-3p","miRNA"
"772","hsa-miR-6728-5p","miRNA"
"773","hsa-miR-5089-5p","miRNA"
"774","hsa-miR-2110","miRNA"
"775","hsa-miR-6810-5p","miRNA"
"776","hsa-miR-6751-5p","miRNA"
"777","hsa-miR-6736-5p","miRNA"
"778","hsa-miR-4507","miRNA"
"779","hsa-miR-6839-3p","miRNA"
"780","hsa-miR-150-3p","miRNA"
"781","hsa-miR-5587-5p","miRNA"
"782","hsa-miR-7855-5p","miRNA"
"783","hsa-miR-487b-5p","miRNA"
"784","hsa-miR-29b-2-5p","miRNA"
"785","hsa-miR-2054","miRNA"
"786","hsa-let-7c-3p","miRNA"
"787","hsa-let-7g-3p","miRNA"
"788","hsa-miR-493-5p","miRNA"
"789","hsa-miR-135b-3p","miRNA"
"790","hsa-miR-568","miRNA"
"791","hsa-miR-675-3p","miRNA"
"792","hsa-miR-3912-5p","miRNA"
"793","hsa-miR-511-5p","miRNA"
"794","hsa-miR-3611","miRNA"
"795","hsa-miR-8070","miRNA"
"796","hsa-miR-6833-5p","miRNA"
"797","hsa-miR-6796-5p","miRNA"
"798","hsa-miR-6759-5p","miRNA"
"799","hsa-miR-6818-5p","miRNA"
"800","hsa-miR-147a","miRNA"
"801","hsa-miR-7156-5p","miRNA"
"802","hsa-miR-4677-5p","miRNA"
"803","hsa-miR-3658","miRNA"
"804","hsa-miR-4477b","miRNA"
"805","hsa-miR-1303","miRNA"
"806","hsa-miR-8061","miRNA"
"807","hsa-miR-651-5p","miRNA"
"808","hsa-miR-3591-5p","miRNA"
"809","hsa-miR-6083","miRNA"
"810","hsa-miR-491-3p","miRNA"
"811","hsa-miR-607","miRNA"
"812","hsa-miR-498","miRNA"
"813","hsa-miR-3942-3p","miRNA"
"814","hsa-miR-3180-5p","miRNA"
"815","hsa-miR-587","miRNA"
"816","hsa-miR-3679-3p","miRNA"
"817","hsa-miR-4755-5p","miRNA"
"818","hsa-miR-3685","miRNA"
"819","hsa-miR-384","miRNA"
"820","hsa-miR-670-3p","miRNA"
"821","hsa-miR-3074-5p","miRNA"
"822","hsa-miR-7152-5p","miRNA"
"823","hsa-miR-7159-3p","miRNA"
"824","hsa-miR-629-3p","miRNA"
"825","hsa-miR-4768-5p","miRNA"
"826","hsa-miR-6809-3p","miRNA"
"827","hsa-miR-544a-3p","miRNA"
"828","hsa-miR-6738-3p","miRNA"
"829","hsa-miR-4743-3p","miRNA"
"830","hsa-miR-4652-3p","miRNA"
"831","hsa-miR-6875-3p","miRNA"
"832","hsa-miR-4659a-3p","miRNA"
"833","hsa-miR-510-3p","miRNA"
"834","hsa-miR-514a-3p","miRNA"
"835","hsa-miR-1304-5p","miRNA"
"836","hsa-miR-8081","miRNA"
"837","hsa-miR-599","miRNA"
"838","hsa-miR-6516-5p","miRNA"
"839","hsa-miR-6513-5p","miRNA"
"840","hsa-miR-3674","miRNA"
"841","hsa-miR-4646-3p","miRNA"
"842","hsa-miR-2355-3p","miRNA"
"843","hsa-miR-758-3p","miRNA"
"844","hsa-miR-6739-3p","miRNA"
"845","hsa-miR-552-5p","miRNA"
"846","hsa-miR-7856-5p","miRNA"
"847","hsa-miR-30a-3p","miRNA"
"848","hsa-miR-8055","miRNA"
"849","hsa-miR-450b-5p","miRNA"
"850","hsa-miR-507","miRNA"
"851","hsa-miR-3680-3p","miRNA"
"852","hsa-miR-6885-3p","miRNA"
"853","hsa-miR-5010-3p","miRNA"
"854","hsa-miR-2681-5p","miRNA"
"855","hsa-miR-335-3p","miRNA"
"856","hsa-miR-6502-3p","miRNA"
"857","hsa-miR-6856-5p","miRNA"
"858","hsa-miR-4715-5p","miRNA"
"859","hsa-miR-4735-5p","miRNA"
"860","hsa-miR-4427","miRNA"
"861","hsa-miR-5187-3p","miRNA"
"862","hsa-miR-4680-3p","miRNA"
"863","hsa-miR-29a-5p","miRNA"
"864","hsa-miR-219b-3p","miRNA"
"865","hsa-miR-219a-2-3p","miRNA"
"866","hsa-miR-485-5p","miRNA"
"867","hsa-miR-4660","miRNA"
"868","hsa-miR-4999-5p","miRNA"
"869","hsa-miR-185-5p","miRNA"
"870","hsa-miR-5192","miRNA"
"871","hsa-miR-8071","miRNA"
"872","hsa-miR-3165","miRNA"
"873","hsa-miR-3684","miRNA"
"874","hsa-miR-4709-3p","miRNA"
"875","hsa-miR-183-3p","miRNA"
"876","hsa-miR-1301-3p","miRNA"
"877","hsa-miR-325-3p","miRNA"
"878","hsa-miR-9-5p","miRNA"
"879","hsa-miR-155-5p","miRNA"
"880","hsa-miR-15a-5p","miRNA"
"881","hsa-miR-203a-3p.1","miRNA"
"882","hsa-miR-31-5p","miRNA"
"883","hsa-miR-3064-5p","miRNA"
"884","hsa-miR-140-3p.2","miRNA"
"885","hsa-miR-199a-5p","miRNA"
"886","hsa-miR-183-5p.2","miRNA"
"887","hsa-miR-124-3p.1","miRNA"
"888","hsa-miR-29a-3p","miRNA"
"889","hsa-miR-128-3p","miRNA"
"890","hsa-miR-140-3p.1","miRNA"
"891","hsa-miR-125a-5p","miRNA"
"892","hsa-miR-212-5p","miRNA"
"893","hsa-miR-190a-5p","miRNA"
"894","hsa-miR-103a-3p","miRNA"
"895","hsa-miR-214-5p","miRNA"
"896","hsa-miR-101-3p.2","miRNA"
"897","hsa-miR-26a-5p","miRNA"
"898","hsa-miR-27a-3p","miRNA"
"899","hsa-miR-96-5p","miRNA"
"900","hsa-miR-548ad-3p","miRNA"
"901","hsa-miR-5582-3p","miRNA"
"902","hsa-miR-6771-3p","miRNA"
"903","hsa-miR-583","miRNA"
"904","hsa-miR-548an","miRNA"
"905","hsa-miR-6507-3p","miRNA"
"906","hsa-miR-522-3p","miRNA"
"907","hsa-miR-3591-3p","miRNA"
"908","hsa-miR-6776-3p","miRNA"
"909","hsa-miR-1273d","miRNA"
"910","hsa-miR-3150a-5p","miRNA"
"911","hsa-miR-649","miRNA"
"912","hsa-miR-708-3p","miRNA"
"913","hsa-miR-618","miRNA"
"914","hsa-miR-548b-3p","miRNA"
"915","hsa-miR-4511","miRNA"
"916","hsa-miR-4432","miRNA"
"917","hsa-miR-4662b","miRNA"
"918","hsa-miR-7109-3p","miRNA"
"919","hsa-miR-6891-5p","miRNA"
"920","hsa-miR-3714","miRNA"
"921","hsa-miR-548ag","miRNA"
"922","hsa-miR-3974","miRNA"
"923","hsa-miR-34a-3p","miRNA"
"924","hsa-miR-5700","miRNA"
"925","hsa-miR-5571-5p","miRNA"
"926","hsa-miR-6882-5p","miRNA"
"927","hsa-miR-4731-3p","miRNA"
"928","hsa-miR-6757-3p","miRNA"
"929","hsa-miR-4797-5p","miRNA"
"930","hsa-miR-4700-3p","miRNA"
"931","hsa-miR-1911-3p","miRNA"
"932","hsa-miR-6753-5p","miRNA"
"933","hsa-miR-7153-3p","miRNA"
"934","hsa-miR-5195-5p","miRNA"
"935","hsa-miR-619-3p","miRNA"
"936","hsa-miR-7851-3p","miRNA"
"937","hsa-miR-3200-3p","miRNA"
"938","hsa-miR-6813-3p","miRNA"
"939","hsa-miR-4681","miRNA"
"940","hsa-miR-28-3p","miRNA"
"941","hsa-miR-512-5p","miRNA"
"942","hsa-miR-3664-5p","miRNA"
"943","hsa-miR-4773","miRNA"
"944","hsa-miR-4524b-3p","miRNA"
"945","hsa-miR-4499","miRNA"
"946","hsa-miR-3125","miRNA"
"947","hsa-miR-5586-3p","miRNA"
"948","hsa-miR-7161-3p","miRNA"
"949","hsa-miR-6510-5p","miRNA"
"950","hsa-miR-1179","miRNA"
"951","hsa-miR-4676-5p","miRNA"
"952","hsa-miR-4323","miRNA"
"953","hsa-miR-6769a-3p","miRNA"
"954","hsa-miR-4687-5p","miRNA"
"955","hsa-miR-6819-3p","miRNA"
"956","hsa-miR-6876-5p","miRNA"
"957","hsa-miR-1197","miRNA"
"958","hsa-miR-4695-5p","miRNA"
"959","hsa-miR-5582-5p","miRNA"
"960","hsa-miR-940","miRNA"
"961","hsa-miR-1245b-5p","miRNA"
"962","hsa-miR-4419b","miRNA"
"963","hsa-miR-6822-5p","miRNA"
"964","hsa-miR-9500","miRNA"
"965","hsa-miR-4761-3p","miRNA"
"966","hsa-miR-6895-5p","miRNA"
"967","hsa-miR-3158-3p","miRNA"
"968","hsa-miR-4688","miRNA"
"969","hsa-miR-6805-5p","miRNA"
"970","hsa-miR-6755-5p","miRNA"
"971","hsa-miR-1178-5p","miRNA"
"972","hsa-miR-6831-5p","miRNA"
"973","hsa-miR-4678","miRNA"
"974","hsa-miR-3174","miRNA"
"975","hsa-miR-1245a","miRNA"
"976","hsa-miR-371b-3p","miRNA"
"977","hsa-miR-6718-5p","miRNA"
"978","hsa-miR-5000-5p","miRNA"
"979","hsa-miR-148b-5p","miRNA"
"980","hsa-miR-1295b-3p","miRNA"
"981","hsa-miR-656-3p","miRNA"
"982","hsa-miR-96-3p","miRNA"
"983","hsa-miR-5092","miRNA"
"984","hsa-miR-3675-3p","miRNA"
"985","hsa-miR-4686","miRNA"
"986","hsa-miR-4728-3p","miRNA"
"987","hsa-miR-3675-5p","miRNA"
"988","hsa-miR-654-3p","miRNA"
"989","hsa-miR-4501","miRNA"
"990","hsa-miR-126-5p","miRNA"
"991","hsa-miR-3065-5p","miRNA"
"992","hsa-miR-4714-3p","miRNA"
"993","hsa-miR-3922-5p","miRNA"
"994","hsa-miR-4705","miRNA"
"995","hsa-miR-4719","miRNA"
"996","hsa-miR-216b-3p","miRNA"
"997","hsa-miR-6865-3p","miRNA"
"998","hsa-miR-3622a-3p","miRNA"
"999","hsa-miR-6765-3p","miRNA"
"1000","hsa-miR-6890-3p","miRNA"
"1001","hsa-miR-3614-5p","miRNA"
"1002","hsa-miR-6500-3p","miRNA"
"1003","hsa-miR-589-3p","miRNA"
"1004","hsa-miR-1324","miRNA"
"1005","hsa-miR-4494","miRNA"
"1006","hsa-miR-10b-3p","miRNA"
"1007","hsa-miR-3065-3p","miRNA"
"1008","hsa-miR-383-3p","miRNA"
"1009","hsa-miR-3619-5p","miRNA"
"1010","hsa-miR-5685","miRNA"
"1011","hsa-miR-4768-3p","miRNA"
"1012","hsa-miR-4433a-3p","miRNA"
"1013","hsa-miR-3937","miRNA"
"1014","hsa-miR-3918","miRNA"
"1015","hsa-miR-1910-5p","miRNA"
"1016","hsa-miR-935","miRNA"
"1017","hsa-miR-4793-5p","miRNA"
"1018","hsa-miR-490-5p","miRNA"
"1019","hsa-miR-6849-3p","miRNA"
"1020","hsa-miR-4673","miRNA"
"1021","hsa-miR-7113-5p","miRNA"
"1022","hsa-miR-6837-5p","miRNA"
"1023","hsa-miR-1825","miRNA"
"1024","hsa-miR-6840-3p","miRNA"
"1025","hsa-miR-4726-3p","miRNA"
"1026","hsa-miR-4286","miRNA"
"1027","hsa-miR-6801-3p","miRNA"
"1028","hsa-miR-3127-3p","miRNA"
"1029","hsa-miR-3162-3p","miRNA"
"1030","hsa-miR-4667-3p","miRNA"
"1031","hsa-miR-6892-3p","miRNA"
"1032","hsa-miR-2276-5p","miRNA"
"1033","hsa-miR-6752-3p","miRNA"
"1034","hsa-miR-5088-3p","miRNA"
"1035","hsa-miR-6832-3p","miRNA"
"1036","hsa-miR-6784-5p","miRNA"
"1037","hsa-miR-3927-5p","miRNA"
"1038","hsa-miR-4723-3p","miRNA"
"1039","hsa-miR-3140-5p","miRNA"
"1040","hsa-miR-4722-3p","miRNA"
"1041","hsa-miR-6747-3p","miRNA"
"1042","hsa-miR-370-3p","miRNA"
"1043","hsa-miR-939-3p","miRNA"
"1044","hsa-miR-1914-5p","miRNA"
"1045","hsa-miR-3667-3p","miRNA"
"1046","hsa-miR-1915-5p","miRNA"
"1047","hsa-miR-4315","miRNA"
"1048","hsa-miR-4787-5p","miRNA"
"1049","hsa-miR-1204","miRNA"
"1050","hsa-miR-520g-5p","miRNA"
"1051","hsa-miR-645","miRNA"
"1052","hsa-miR-554","miRNA"
"1053","hsa-miR-6080","miRNA"
"1054","hsa-miR-138-2-3p","miRNA"
"1055","hsa-miR-616-5p","miRNA"
"1056","hsa-miR-371a-5p","miRNA"
"1057","hsa-miR-4330","miRNA"
"1058","hsa-miR-6787-3p","miRNA"
"1059","hsa-miR-4264","miRNA"
"1060","hsa-miR-532-3p","miRNA"
"1061","hsa-miR-2116-3p","miRNA"
"1062","hsa-miR-7113-3p","miRNA"
"1063","hsa-miR-520f-5p","miRNA"
"1064","hsa-miR-517-5p","miRNA"
"1065","hsa-miR-1251-5p","miRNA"
"1066","hsa-miR-6845-3p","miRNA"
"1067","hsa-miR-7110-3p","miRNA"
"1068","hsa-miR-6817-3p","miRNA"
"1069","hsa-miR-330-5p","miRNA"
"1070","hsa-miR-4329","miRNA"
"1071","hsa-miR-6761-5p","miRNA"
"1072","hsa-miR-4793-3p","miRNA"
"1073","hsa-miR-1913","miRNA"
"1074","hsa-miR-18a-3p","miRNA"
"1075","hsa-miR-191-3p","miRNA"
"1076","hsa-miR-93-3p","miRNA"
"1077","hsa-miR-3692-5p","miRNA"
"1078","hsa-miR-6839-5p","miRNA"
"1079","hsa-miR-3190-5p","miRNA"
"1080","hsa-miR-3176","miRNA"
"1081","hsa-miR-149-5p","miRNA"
"1082","hsa-miR-3192-5p","miRNA"
"1083","hsa-miR-6506-5p","miRNA"
"1084","hsa-miR-1285-3p","miRNA"
"1085","hsa-miR-4486","miRNA"
"1086","hsa-miR-4774-5p","miRNA"
"1087","hsa-miR-3607-3p","miRNA"
"1088","hsa-miR-20b-3p","miRNA"
"1089","hsa-miR-6773-3p","miRNA"
"1090","hsa-miR-3120-5p","miRNA"
"1091","hsa-miR-412-3p","miRNA"
"1092","hsa-miR-4778-3p","miRNA"
"1093","hsa-miR-581","miRNA"
"1094","hsa-miR-302b-5p","miRNA"
"1095","hsa-miR-3185","miRNA"
"1096","hsa-miR-3928-5p","miRNA"
"1097","hsa-miR-605-3p","miRNA"
"1098","hsa-miR-4493","miRNA"
"1099","hsa-miR-3179","miRNA"
"1100","hsa-miR-4670-3p","miRNA"
"1101","hsa-miR-4790-3p","miRNA"
"1102","hsa-miR-642a-3p","miRNA"
"1103","hsa-miR-591","miRNA"
"1104","hsa-miR-4725-5p","miRNA"
"1105","hsa-miR-29c-5p","miRNA"
"1106","hsa-miR-631","miRNA"
"1107","hsa-miR-617","miRNA"
"1108","hsa-miR-6505-3p","miRNA"
"1109","hsa-miR-1253","miRNA"
"1110","hsa-miR-6770-5p","miRNA"
"1111","hsa-miR-4524a-3p","miRNA"
"1112","hsa-miR-873-3p","miRNA"
"1113","hsa-miR-5186","miRNA"
"1114","hsa-miR-3928-3p","miRNA"
"1115","hsa-miR-1827","miRNA"
"1116","hsa-miR-6087","miRNA"
"1117","hsa-miR-3616-3p","miRNA"
"1118","hsa-miR-4721","miRNA"
"1119","hsa-miR-4481","miRNA"
"1120","hsa-miR-574-5p","miRNA"
"1121","hsa-miR-3659","miRNA"
"1122","hsa-miR-219b-5p","miRNA"
"1123","hsa-miR-548aj-5p","miRNA"
"1124","hsa-miR-1468-3p","miRNA"
"1125","hsa-miR-8064","miRNA"
"1126","hsa-miR-6804-3p","miRNA"
"1127","hsa-miR-873-5p.2","miRNA"
"1128","hsa-miR-6132","miRNA"
"1129","hsa-miR-1909-3p","miRNA"
"1130","hsa-miR-3194-5p","miRNA"
"1131","hsa-miR-4755-3p","miRNA"
"1132","hsa-miR-210-5p","miRNA"
"1133","hsa-miR-3173-5p","miRNA"
"1134","hsa-miR-938","miRNA"
"1135","hsa-miR-6886-3p","miRNA"
"1136","hsa-miR-6778-3p","miRNA"
"1137","hsa-miR-2682-3p","miRNA"
"1138","hsa-miR-4763-5p","miRNA"
"1139","hsa-miR-661","miRNA"
"1140","hsa-miR-4312","miRNA"
"1141","hsa-miR-1273c","miRNA"
"1142","hsa-miR-3683","miRNA"
"1143","hsa-miR-658","miRNA"
"1144","hsa-miR-3934-3p","miRNA"
"1145","hsa-miR-6847-3p","miRNA"
"1146","hsa-miR-7106-3p","miRNA"
"1147","hsa-miR-4268","miRNA"
"1148","hsa-miR-4448","miRNA"
"1149","hsa-miR-7160-5p","miRNA"
"1150","hsa-miR-6882-3p","miRNA"
"1151","hsa-miR-3135b","miRNA"
"1152","hsa-miR-1287-5p","miRNA"
"1153","hsa-miR-1537-5p","miRNA"
"1154","hsa-miR-4718","miRNA"
"1155","hsa-miR-4720-3p","miRNA"
"1156","hsa-miR-516a-3p","miRNA"
"1157","hsa-miR-1251-3p","miRNA"
"1158","hsa-miR-6124","miRNA"
"1159","hsa-miR-3202","miRNA"
"1160","hsa-miR-6503-3p","miRNA"
"1161","hsa-miR-1288-3p","miRNA"
"1162","hsa-miR-4515","miRNA"
"1163","hsa-miR-5703","miRNA"
"1164","hsa-miR-139-3p","miRNA"
"1165","hsa-miR-4683","miRNA"
"1166","hsa-miR-766-5p","miRNA"
"1167","hsa-miR-3612","miRNA"
"1168","hsa-miR-4470","miRNA"
"1169","hsa-miR-196a-3p","miRNA"
"1170","hsa-miR-3622b-5p","miRNA"
"1171","hsa-miR-3926","miRNA"
"1172","hsa-miR-3136-3p","miRNA"
"1173","hsa-miR-1291","miRNA"
"1174","hsa-miR-4757-5p","miRNA"
"1175","hsa-miR-25-5p","miRNA"
"1176","hsa-miR-1908-5p","miRNA"
"1177","hsa-miR-3652","miRNA"
"1178","hsa-miR-4505","miRNA"
"1179","hsa-miR-7974","miRNA"
"1180","hsa-miR-4687-3p","miRNA"
"1181","hsa-miR-6733-5p","miRNA"
"1182","hsa-miR-5196-5p","miRNA"
"1183","hsa-miR-3199","miRNA"
"1184","hsa-miR-365a-5p","miRNA"
"1185","hsa-miR-6731-5p","miRNA"
"1186","hsa-miR-4728-5p","miRNA"
"1187","hsa-miR-585-3p","miRNA"
"1188","hsa-miR-1268a","miRNA"
"1189","hsa-miR-4656","miRNA"
"1190","hsa-miR-6829-5p","miRNA"
"1191","hsa-miR-5001-5p","miRNA"
"1192","hsa-miR-4741","miRNA"
"1193","hsa-miR-4489","miRNA"
"1194","hsa-miR-185-3p","miRNA"
"1195","hsa-miR-3132","miRNA"
"1196","hsa-miR-6801-5p","miRNA"
"1197","hsa-miR-4527","miRNA"
"1198","hsa-miR-654-5p","miRNA"
"1199","hsa-miR-92a-2-5p","miRNA"
"1200","hsa-miR-6769a-5p","miRNA"
"1201","hsa-miR-323a-5p","miRNA"
"1202","hsa-miR-380-5p","miRNA"
"1203","hsa-miR-323b-5p","miRNA"
"1204","hsa-miR-6832-5p","miRNA"
"1205","hsa-miR-4732-5p","miRNA"
"1206","hsa-miR-668-3p","miRNA"
"1207","hsa-miR-3909","miRNA"
"1208","hsa-miR-4796-5p","miRNA"
"1209","hsa-miR-593-3p","miRNA"
"1210","hsa-miR-7973","miRNA"
"1211","hsa-miR-3689f","miRNA"
"1212","hsa-miR-3944-5p","miRNA"
"1213","hsa-miR-143-5p","miRNA"
"1214","hsa-miR-1271-3p","miRNA"
"1215","hsa-miR-3138","miRNA"
"1216","hsa-miR-4536-5p","miRNA"
"1217","hsa-miR-203a-5p","miRNA"
"1218","hsa-miR-1273g-5p","miRNA"
"1219","hsa-miR-3177-5p","miRNA"
"1220","hsa-miR-223-5p","miRNA"
"1221","hsa-miR-597-5p","miRNA"
"1222","hsa-miR-6867-5p","miRNA"
"1223","hsa-miR-124-5p","miRNA"
"1224","hsa-miR-1206","miRNA"
"1225","hsa-miR-6755-3p","miRNA"
"1226","hsa-miR-19b-1-5p","miRNA"
"1227","hsa-miR-3653-3p","miRNA"
"1228","hsa-miR-6792-5p","miRNA"
"1229","hsa-miR-655-3p","miRNA"
"1230","hsa-miR-524-5p","miRNA"
"1231","hsa-miR-4524a-5p","miRNA"
"1232","hsa-miR-1296-5p","miRNA"
"1233","hsa-miR-4671-3p","miRNA"
"1234","hsa-miR-4727-3p","miRNA"
"1235","hsa-miR-4460","miRNA"
"1236","hsa-miR-374a-5p","miRNA"
"1237","hsa-let-7a-3p","miRNA"
"1238","hsa-miR-4795-3p","miRNA"
"1239","hsa-miR-6715b-3p","miRNA"
"1240","hsa-miR-7159-5p","miRNA"
"1241","hsa-miR-505-3p.2","miRNA"
"1242","hsa-miR-421","miRNA"
"1243","hsa-miR-6794-3p","miRNA"
"1244","hsa-miR-539-3p","miRNA"
"1245","hsa-miR-6516-3p","miRNA"
"1246","hsa-miR-6509-3p","miRNA"
"1247","hsa-miR-4436b-5p","miRNA"
"1248","hsa-miR-6720-5p","miRNA"
"1249","hsa-miR-188-3p","miRNA"
"1250","hsa-miR-7977","miRNA"
"1251","hsa-miR-572","miRNA"
"1252","hsa-miR-4497","miRNA"
"1253","hsa-miR-1229-3p","miRNA"
"1254","hsa-miR-6873-3p","miRNA"
"1255","hsa-miR-4303","miRNA"
"1256","hsa-miR-5001-3p","miRNA"
"1257","hsa-miR-4782-5p","miRNA"
"1258","hsa-miR-3686","miRNA"
"1259","hsa-miR-6888-3p","miRNA"
"1260","hsa-miR-127-5p","miRNA"
"1261","hsa-miR-6126","miRNA"
"1262","hsa-miR-3616-5p","miRNA"
"1263","hsa-miR-5585-3p","miRNA"
"1264","hsa-miR-3672","miRNA"
"1265","hsa-miR-6869-5p","miRNA"
"1266","hsa-miR-1238-5p","miRNA"
"1267","hsa-miR-4658","miRNA"
"1268","hsa-miR-548aw","miRNA"
"1269","hsa-miR-7156-3p","miRNA"
"1270","hsa-miR-6511b-5p","miRNA"
"1271","hsa-miR-5011-3p","miRNA"
"1272","hsa-miR-4666b","miRNA"
"1273","hsa-miR-192-3p","miRNA"
"1274","hsa-miR-3972","miRNA"
"1275","hsa-miR-5590-5p","miRNA"
"1276","hsa-miR-4659a-5p","miRNA"
"1277","hsa-miR-3157-3p","miRNA"
"1278","hsa-miR-874-3p","miRNA"
"1279","hsa-miR-6836-3p","miRNA"
"1280","hsa-miR-6894-3p","miRNA"
"1281","hsa-miR-6514-3p","miRNA"
"1282","hsa-miR-6772-3p","miRNA"
"1283","hsa-miR-5691","miRNA"
"1284","hsa-miR-628-5p","miRNA"
"1285","hsa-miR-3977","miRNA"
"1286","hsa-miR-3978","miRNA"
"1287","hsa-miR-4520-3p","miRNA"
"1288","hsa-miR-1269a","miRNA"
"1289","hsa-miR-4642","miRNA"
"1290","hsa-miR-548s","miRNA"
"1291","hsa-miR-6878-3p","miRNA"
"1292","hsa-miR-6842-3p","miRNA"
"1293","hsa-miR-6788-5p","miRNA"
"1294","hsa-miR-1273h-5p","miRNA"
"1295","hsa-miR-1587","miRNA"
"1296","hsa-miR-4701-3p","miRNA"
"1297","hsa-miR-218-1-3p","miRNA"
"1298","hsa-miR-6818-3p","miRNA"
"1299","hsa-miR-4288","miRNA"
"1300","hsa-miR-1231","miRNA"
"1301","hsa-miR-6808-3p","miRNA"
"1302","hsa-miR-550b-2-5p","miRNA"
"1303","hsa-miR-592","miRNA"
"1304","hsa-miR-4503","miRNA"
"1305","hsa-miR-374b-3p","miRNA"
"1306","hsa-miR-2909","miRNA"
"1307","hsa-miR-5006-3p","miRNA"
"1308","hsa-miR-1238-3p","miRNA"
"1309","hsa-miR-4263","miRNA"
"1310","hsa-miR-576-5p","miRNA"
"1311","hsa-miR-4482-3p","miRNA"
"1312","hsa-miR-4776-3p","miRNA"
"1313","hsa-miR-3152-5p","miRNA"
"1314","hsa-miR-4520-2-3p","miRNA"
"1315","hsa-miR-4529-3p","miRNA"
"1316","hsa-miR-450a-1-3p","miRNA"
"1317","hsa-miR-3122","miRNA"
"1318","hsa-miR-887-5p","miRNA"
"1319","hsa-miR-659-3p","miRNA"
"1320","hsa-miR-3149","miRNA"
"1321","hsa-miR-5096","miRNA"
"1322","hsa-miR-7850-5p","miRNA"
"1323","hsa-miR-2113","miRNA"
"1324","hsa-miR-383-5p.2","miRNA"
"1325","hsa-miR-363-3p","miRNA"
"1326","hsa-miR-33a-5p","miRNA"
"1327","hsa-miR-1276","miRNA"
"1328","hsa-miR-3120-3p","miRNA"
"1329","hsa-miR-888-5p","miRNA"
"1330","hsa-miR-3145-5p","miRNA"
"1331","hsa-miR-646","miRNA"
"1332","hsa-miR-3681-5p","miRNA"
"1333","hsa-miR-6847-5p","miRNA"
"1334","hsa-miR-922","miRNA"
"1335","hsa-miR-214-3p","miRNA"
"1336","hsa-miR-4267","miRNA"
"1337","hsa-miR-331-3p","miRNA"
"1338","hsa-miR-4292","miRNA"
"1339","hsa-miR-7158-5p","miRNA"
"1340","hsa-miR-1292-5p","miRNA"
"1341","hsa-miR-4471","miRNA"
"1342","hsa-miR-6848-5p","miRNA"
"1343","hsa-miR-4291","miRNA"
"1344","hsa-miR-155-3p","miRNA"
"1345","hsa-miR-1178-3p","miRNA"
"1346","hsa-miR-3692-3p","miRNA"
"1347","hsa-miR-138-5p","miRNA"
"1348","hsa-miR-23c","miRNA"
"1349","hsa-miR-183-5p.1","miRNA"
"1350","hsa-miR-133a-3p.1","miRNA"
"1351","hsa-miR-210-3p","miRNA"
"1352","hsa-miR-133a-3p.2","miRNA"
"1353","hsa-miR-548u","miRNA"
"1354","hsa-miR-3667-5p","miRNA"
"1355","hsa-miR-548ao-3p","miRNA"
"1356","hsa-miR-8084","miRNA"
"1357","hsa-miR-6782-3p","miRNA"
"1358","hsa-miR-483-3p.1","miRNA"
"1359","hsa-miR-374c-3p","miRNA"
"1360","hsa-miR-890","miRNA"
"1361","hsa-miR-6783-5p","miRNA"
"1362","hsa-miR-6865-5p","miRNA"
"1363","hsa-miR-1278","miRNA"
"1364","hsa-miR-6074","miRNA"
"1365","hsa-miR-7151-5p","miRNA"
"1366","hsa-miR-556-5p","miRNA"
"1367","hsa-miR-586","miRNA"
"1368","hsa-miR-664a-3p","miRNA"
"1369","hsa-miR-4709-5p","miRNA"
"1370","hsa-miR-873-5p.1","miRNA"
"1371","hsa-miR-484","miRNA"
"1372","hsa-miR-622","miRNA"
"1373","hsa-miR-1279","miRNA"
"1374","hsa-miR-4317","miRNA"
"1375","hsa-miR-454-5p","miRNA"
"1376","hsa-miR-1470","miRNA"
"1377","hsa-miR-6803-3p","miRNA"
"1378","hsa-miR-6852-5p","miRNA"
"1379","hsa-miR-6742-3p","miRNA"
"1380","hsa-miR-1266-3p","miRNA"
"1381","hsa-miR-3925-3p","miRNA"
"1382","hsa-miR-324-3p","miRNA"
"1383","hsa-miR-5189-5p","miRNA"
"1384","hsa-miR-4490","miRNA"
"1385","hsa-miR-4677-3p","miRNA"
"1386","hsa-miR-145-3p","miRNA"
"1387","hsa-miR-891b","miRNA"
"1388","hsa-miR-5699-5p","miRNA"
"1389","hsa-miR-4749-3p","miRNA"
"1390","hsa-miR-7976","miRNA"
"1391","hsa-miR-146b-3p","miRNA"
"1392","hsa-miR-4663","miRNA"
"1393","hsa-miR-8077","miRNA"
"1394","hsa-miR-133a-5p","miRNA"
"1395","hsa-miR-6131","miRNA"
"1396","hsa-miR-1289","miRNA"
"1397","hsa-miR-4763-3p","miRNA"
"1398","hsa-miR-4430","miRNA"
"1399","hsa-miR-6739-5p","miRNA"
"1400","hsa-miR-4253","miRNA"
"1401","hsa-miR-6508-3p","miRNA"
"1402","hsa-miR-296-5p","miRNA"
"1403","hsa-miR-4281","miRNA"
"1404","hsa-miR-3907","miRNA"
"1405","hsa-miR-346","miRNA"
"1406","hsa-miR-4724-3p","miRNA"
"1407","hsa-miR-6883-3p","miRNA"
"1408","hsa-miR-642a-5p","miRNA"
"1409","hsa-miR-1343-3p","miRNA"
"1410","hsa-miR-6864-5p","miRNA"
"1411","hsa-miR-943","miRNA"
"1412","hsa-miR-640","miRNA"
"1413","hsa-miR-7150","miRNA"
"1414","hsa-miR-588","miRNA"
"1415","hsa-miR-6773-5p","miRNA"
"1416","hsa-miR-4474-3p","miRNA"
"1417","hsa-miR-1305","miRNA"
"1418","hsa-miR-30e-3p","miRNA"
"1419","hsa-miR-4446-5p","miRNA"
"1420","hsa-miR-503-5p","miRNA"
"1421","hsa-miR-372-3p","miRNA"
"1422","hsa-miR-1306-5p","miRNA"
"1423","hsa-miR-150-5p","miRNA"
"1424","hsa-miR-146a-5p","miRNA"
"1425","hsa-miR-122-5p","miRNA"
"1426","hsa-miR-99b-3p","miRNA"
"1427","hsa-miR-148a-5p","miRNA"
"1428","hsa-miR-4438","miRNA"
"1429","hsa-miR-122-3p","miRNA"
"1430","hsa-miR-509-3-5p","miRNA"
"1431","hsa-miR-6779-3p","miRNA"
"1432","hsa-miR-6877-3p","miRNA"
"1433","hsa-miR-208b-5p","miRNA"
"1434","hsa-miR-512-3p","miRNA"
"1435","hsa-miR-6890-5p","miRNA"
"1436","hsa-miR-4781-3p","miRNA"
"1437","hsa-miR-6736-3p","miRNA"
"1438","hsa-miR-1224-3p","miRNA"
"1439","hsa-miR-6887-3p","miRNA"
"1440","hsa-miR-6795-3p","miRNA"
"1441","hsa-miR-4740-3p","miRNA"
"1442","hsa-miR-1247-3p","miRNA"
"1443","hsa-miR-4532","miRNA"
"1444","hsa-miR-4485-5p","miRNA"
"1445","hsa-miR-221-5p","miRNA"
"1446","hsa-miR-1281","miRNA"
"1447","hsa-miR-6812-3p","miRNA"
"1448","hsa-miR-6741-3p","miRNA"
"1449","hsa-miR-1304-3p","miRNA"
"1450","hsa-miR-1307-3p","miRNA"
"1451","hsa-miR-4638-5p","miRNA"
"1452","hsa-miR-326","miRNA"
"1453","hsa-miR-3128","miRNA"
"1454","hsa-miR-619-5p","miRNA"
"1455","hsa-miR-378g","miRNA"
"1456","hsa-miR-4700-5p","miRNA"
"1457","hsa-miR-3663-5p","miRNA"
"1458","hsa-miR-6790-3p","miRNA"
"1459","hsa-miR-6821-3p","miRNA"
"1460","hsa-miR-589-5p","miRNA"
"1461","hsa-miR-1233-3p","miRNA"
"1462","hsa-miR-423-5p","miRNA"
"1463","hsa-miR-5194","miRNA"
"1464","hsa-miR-668-5p","miRNA"
"1465","hsa-miR-3656","miRNA"
"1466","hsa-miR-6853-5p","miRNA"
"1467","hsa-miR-4731-5p","miRNA"
"1468","hsa-miR-5589-5p","miRNA"
"1469","hsa-miR-4294","miRNA"
"1470","hsa-miR-504-3p","miRNA"
"1471","hsa-miR-6851-3p","miRNA"
"1472","hsa-miR-6789-3p","miRNA"
"1473","hsa-miR-4634","miRNA"
"1474","hsa-miR-4640-5p","miRNA"
"1475","hsa-miR-5698","miRNA"
"1476","hsa-miR-6881-5p","miRNA"
"1477","hsa-miR-193b-5p","miRNA"
"1478","hsa-miR-6766-5p","miRNA"
"1479","hsa-miR-23b-5p","miRNA"
"1480","hsa-miR-656-5p","miRNA"
"1481","hsa-miR-6879-3p","miRNA"
"1482","hsa-miR-891a-3p","miRNA"
"1483","hsa-miR-644a","miRNA"
"1484","hsa-miR-5095","miRNA"
"1485","hsa-miR-411-5p.2","miRNA"
"1486","hsa-miR-6826-3p","miRNA"
"1487","hsa-miR-518d-5p","miRNA"
"1488","hsa-miR-6807-5p","miRNA"
"1489","hsa-miR-5006-5p","miRNA"
"1490","hsa-miR-4435","miRNA"
"1491","hsa-miR-3187-3p","miRNA"
"1492","hsa-miR-6724-5p","miRNA"
"1493","hsa-miR-3150a-3p","miRNA"
"1494","hsa-miR-6857-5p","miRNA"
"1495","hsa-miR-6855-5p","miRNA"
"1496","hsa-miR-6843-3p","miRNA"
"1497","hsa-miR-450a-2-3p","miRNA"
"1498","hsa-miR-196b-5p","miRNA"
"1499","hsa-miR-182-5p","miRNA"
"1500","hsa-miR-1271-5p","miRNA"
"1501","hsa-miR-548bb-3p","miRNA"
"1502","hsa-miR-3912-3p","miRNA"
"1503","hsa-miR-6750-3p","miRNA"
"1504","hsa-miR-8080","miRNA"
"1505","hsa-miR-603","miRNA"
"1506","hsa-miR-1277-3p","miRNA"
"1507","hsa-miR-892c-3p","miRNA"
"1508","hsa-miR-6863","miRNA"
"1509","hsa-miR-3916","miRNA"
"1510","hsa-miR-4293","miRNA"
"1511","hsa-miR-4453","miRNA"
"1512","hsa-miR-4433b-3p","miRNA"
"1513","hsa-miR-4661-3p","miRNA"
"1514","hsa-miR-6750-5p","miRNA"
"1515","hsa-miR-296-3p","miRNA"
"1516","hsa-miR-532-5p","miRNA"
"1517","hsa-miR-4272","miRNA"
"1518","hsa-miR-6826-5p","miRNA"
"1519","hsa-miR-1288-5p","miRNA"
"1520","hsa-miR-7157-5p","miRNA"
"1521","hsa-miR-4301","miRNA"
"1522","hsa-miR-5707","miRNA"
"1523","hsa-miR-6508-5p","miRNA"
"1524","hsa-miR-4539","miRNA"
"1525","hsa-miR-6068","miRNA"
"1526","hsa-miR-4786-3p","miRNA"
"1527","hsa-miR-493-3p","miRNA"
"1528","hsa-miR-2277-3p","miRNA"
"1529","hsa-miR-6831-3p","miRNA"
"1530","hsa-miR-8082","miRNA"
"1531","hsa-miR-5589-3p","miRNA"
"1532","hsa-miR-6797-3p","miRNA"
"1533","hsa-miR-1254","miRNA"
"1534","hsa-miR-4297","miRNA"
"1535","hsa-miR-3194-3p","miRNA"
"1536","hsa-miR-4327","miRNA"
"1537","hsa-miR-885-3p","miRNA"
"1538","hsa-miR-629-5p","miRNA"
"1539","hsa-miR-182-3p","miRNA"
"1540","hsa-miR-152-5p","miRNA"
"1541","hsa-miR-563","miRNA"
"1542","hsa-miR-6895-3p","miRNA"
"1543","hsa-miR-134-5p","miRNA"
"1544","hsa-miR-3164","miRNA"
"1545","hsa-miR-663b","miRNA"
"1546","hsa-miR-4266","miRNA"
"1547","hsa-miR-4633-5p","miRNA"
"1548","hsa-miR-377-3p","miRNA"
"1549","hsa-miR-1260a","miRNA"
"1550","hsa-miR-3156-3p","miRNA"
"1551","hsa-miR-4777-5p","miRNA"
"1552","hsa-miR-4713-5p","miRNA"
"1553","hsa-miR-7843-3p","miRNA"
"1554","hsa-miR-4309","miRNA"
"1555","hsa-miR-30c-1-3p","miRNA"
"1556","hsa-miR-30b-3p","miRNA"
"1557","hsa-miR-7108-5p","miRNA"
"1558","hsa-miR-2053","miRNA"
"1559","hsa-miR-302c-5p","miRNA"
"1560","hsa-miR-374a-3p","miRNA"
"1561","hsa-miR-4762-3p","miRNA"
"1562","hsa-miR-578","miRNA"
"1563","hsa-miR-802","miRNA"
"1564","hsa-miR-139-5p","miRNA"
"1565","hsa-miR-212-3p","miRNA"
"1566","hsa-miR-520f-3p","miRNA"
"1567","hsa-miR-199a-3p","miRNA"
"1568","hsa-miR-124-3p.2","miRNA"
"1569","hsa-miR-192-5p","miRNA"
"1570","hsa-miR-218-5p","miRNA"
"1571","hsa-miR-21-3p","miRNA"
"1572","hsa-miR-3617-5p","miRNA"
"1573","hsa-miR-100-3p","miRNA"
"1574","hsa-miR-3910","miRNA"
"1575","hsa-miR-524-3p","miRNA"
"1576","hsa-miR-3936","miRNA"
"1577","hsa-miR-224-5p","miRNA"
"1578","hsa-miR-6856-3p","miRNA"
"1579","hsa-miR-6800-3p","miRNA"
"1580","hsa-miR-4714-5p","miRNA"
"1581","hsa-miR-483-5p","miRNA"
"1582","hsa-miR-6871-3p","miRNA"
"1583","hsa-miR-449b-3p","miRNA"
"1584","hsa-miR-4446-3p","miRNA"
"1585","hsa-miR-1244","miRNA"
"1586","hsa-miR-875-5p","miRNA"
"1587","hsa-miR-34c-3p","miRNA"
"1588","hsa-miR-6871-5p","miRNA"
"1589","hsa-miR-6834-3p","miRNA"
"1590","hsa-miR-5697","miRNA"
"1591","hsa-miR-3620-3p","miRNA"
"1592","hsa-miR-4639-3p","miRNA"
"1593","hsa-miR-4257","miRNA"
"1594","hsa-miR-4691-3p","miRNA"
"1595","hsa-miR-4690-3p","miRNA"
"1596","hsa-miR-4692","miRNA"
"1597","hsa-miR-1972","miRNA"
"1598","hsa-miR-936","miRNA"
"1599","hsa-miR-5190","miRNA"
"1600","hsa-miR-6764-5p","miRNA"
"1601","hsa-miR-5009-3p","miRNA"
"1602","hsa-miR-3690","miRNA"
"1603","hsa-miR-4254","miRNA"
"1604","hsa-miR-486-5p","miRNA"
"1605","hsa-miR-3121-5p","miRNA"
"1606","hsa-miR-1249-3p","miRNA"
"1607","hsa-miR-6078","miRNA"
"1608","hsa-miR-6731-3p","miRNA"
"1609","hsa-miR-6511a-3p","miRNA"
"1610","hsa-miR-6784-3p","miRNA"
"1611","hsa-miR-6870-3p","miRNA"
"1612","hsa-miR-4469","miRNA"
"1613","hsa-miR-4685-3p","miRNA"
"1614","hsa-miR-3615","miRNA"
"1615","hsa-miR-4653-5p","miRNA"
"1616","hsa-miR-4750-3p","miRNA"
"1617","hsa-miR-7157-3p","miRNA"
"1618","hsa-miR-432-5p","miRNA"
"1619","hsa-miR-4738-3p","miRNA"
"1620","hsa-miR-548ao-5p","miRNA"
"1621","hsa-miR-6846-3p","miRNA"
"1622","hsa-miR-3975","miRNA"
"1623","hsa-miR-2467-5p","miRNA"
"1624","hsa-miR-3188","miRNA"
"1625","hsa-miR-6130","miRNA"
"1626","hsa-miR-298","miRNA"
"1627","hsa-miR-2467-3p","miRNA"
"1628","hsa-miR-18b-3p","miRNA"
"1629","hsa-miR-103a-2-5p","miRNA"
"1630","hsa-miR-1249-5p","miRNA"
"1631","hsa-miR-6744-5p","miRNA"
"1632","hsa-miR-1255a","miRNA"
"1633","hsa-miR-4529-5p","miRNA"
"1634","hsa-miR-6815-3p","miRNA"
"1635","hsa-miR-8085","miRNA"
"1636","hsa-miR-5187-5p","miRNA"
"1637","hsa-miR-3175","miRNA"
"1638","hsa-miR-567","miRNA"
"1639","hsa-miR-4697-3p","miRNA"
"1640","hsa-miR-636","miRNA"
"1641","hsa-miR-6501-5p","miRNA"
"1642","hsa-miR-5682","miRNA"
"1643","hsa-miR-197-3p","miRNA"
"1644","hsa-miR-222-5p","miRNA"
"1645","hsa-miR-376a-3p","miRNA"
"1646","hsa-miR-1298-5p","miRNA"
"1647","hsa-miR-2355-5p","miRNA"
"1648","hsa-miR-1287-3p","miRNA"
"1649","hsa-miR-514b-5p","miRNA"
"1650","hsa-miR-519e-5p","miRNA"
"1651","hsa-miR-6867-3p","miRNA"
"1652","hsa-miR-4256","miRNA"
"1653","hsa-miR-7703","miRNA"
"1654","hsa-miR-4325","miRNA"
"1655","hsa-miR-448","miRNA"
"1656","hsa-miR-6505-5p","miRNA"
"1657","hsa-miR-4443","miRNA"
"1658","hsa-miR-6515-5p","miRNA"
"1659","hsa-miR-676-3p","miRNA"
"1660","hsa-miR-4296","miRNA"
"1661","hsa-miR-744-3p","miRNA"
"1662","hsa-miR-6833-3p","miRNA"
"1663","hsa-miR-4774-3p","miRNA"
"1664","hsa-miR-455-3p.1","miRNA"
"1665","hsa-miR-221-3p","miRNA"
"1666","hsa-miR-365a-3p","miRNA"
"1667","hsa-miR-425-5p","miRNA"
"1668","hsa-miR-92a-3p","miRNA"
"1669","hsa-miR-34a-5p","miRNA"
"1670","hsa-miR-147b","miRNA"
"1671","hsa-miR-3150b-5p","miRNA"
"1672","hsa-miR-4426","miRNA"
"1673","hsa-miR-4475","miRNA"
"1674","hsa-miR-8485","miRNA"
"1675","hsa-miR-6512-5p","miRNA"
"1676","hsa-miR-941","miRNA"
"1677","hsa-miR-504-5p.1","miRNA"
"1678","hsa-miR-4724-5p","miRNA"
"1679","hsa-miR-2278","miRNA"
"1680","hsa-miR-5007-5p","miRNA"
"1681","hsa-miR-6165","miRNA"
"1682","hsa-miR-4690-5p","miRNA"
"1683","hsa-miR-208a-5p","miRNA"
"1684","hsa-miR-4476","miRNA"
"1685","hsa-miR-28-5p","miRNA"
"1686","hsa-miR-4779","miRNA"
"1687","hsa-miR-3622a-5p","miRNA"
"1688","hsa-miR-34b-5p","miRNA"
"1689","hsa-miR-6879-5p","miRNA"
"1690","hsa-miR-4512","miRNA"
"1691","hsa-miR-3141","miRNA"
"1692","hsa-miR-5088-5p","miRNA"
"1693","hsa-miR-6085","miRNA"
"1694","hsa-miR-2114-5p","miRNA"
"1695","hsa-miR-33b-3p","miRNA"
"1696","hsa-miR-4802-5p","miRNA"
"1697","hsa-miR-379-3p","miRNA"
"1698","hsa-miR-380-3p","miRNA"
"1699","hsa-miR-5003-5p","miRNA"
"1700","hsa-miR-3186-3p","miRNA"
"1701","hsa-miR-6767-3p","miRNA"
"1702","hsa-miR-483-3p.2","miRNA"
"1703","hsa-miR-6501-3p","miRNA"
"1704","hsa-miR-4310","miRNA"
"1705","hsa-miR-4270","miRNA"
"1706","hsa-miR-4645-5p","miRNA"
"1707","hsa-miR-770-5p","miRNA"
"1708","hsa-miR-181a-3p","miRNA"
"1709","hsa-miR-662","miRNA"
"1710","hsa-miR-7108-3p","miRNA"
"1711","hsa-miR-339-5p","miRNA"
"1712","hsa-miR-4780","miRNA"
"1713","hsa-miR-6780b-3p","miRNA"
"1714","hsa-miR-671-3p","miRNA"
"1715","hsa-miR-1973","miRNA"
"1716","hsa-miR-6769b-3p","miRNA"
"1717","hsa-miR-3189-3p","miRNA"
"1718","hsa-miR-6825-3p","miRNA"
"1719","hsa-miR-6125","miRNA"
"1720","hsa-miR-6075","miRNA"
"1721","hsa-miR-7112-5p","miRNA"
"1722","hsa-miR-6777-5p","miRNA"
"1723","hsa-miR-542-5p","miRNA"
"1724","hsa-miR-6786-5p","miRNA"
"1725","hsa-miR-4744","miRNA"
"1726","hsa-miR-4521","miRNA"
"1727","hsa-miR-4287","miRNA"
"1728","hsa-miR-3917","miRNA"
"1729","hsa-miR-6824-3p","miRNA"
"1730","hsa-miR-6751-3p","miRNA"
"1731","hsa-miR-6817-5p","miRNA"
"1732","hsa-miR-4720-5p","miRNA"
"1733","hsa-miR-3922-3p","miRNA"
"1734","hsa-miR-664a-5p","miRNA"
"1735","hsa-miR-637","miRNA"
"1736","hsa-miR-7152-3p","miRNA"
"1737","hsa-miR-548q","miRNA"
"1738","hsa-miR-4456","miRNA"
"1739","hsa-miR-7978","miRNA"
"1740","hsa-miR-5008-3p","miRNA"
"1741","hsa-miR-6774-5p","miRNA"
"1742","hsa-miR-544a","miRNA"
"1743","hsa-miR-4462","miRNA"
"1744","hsa-miR-6859-3p","miRNA"
"1745","hsa-miR-3661","miRNA"
"1746","hsa-miR-4786-5p","miRNA"
"1747","hsa-miR-769-5p","miRNA"
"1748","hsa-miR-4468","miRNA"
"1749","hsa-miR-1225-3p","miRNA"
"1750","hsa-miR-2114-3p","miRNA"
"1751","hsa-miR-6133","miRNA"
"1752","hsa-miR-924","miRNA"
"1753","hsa-miR-1909-5p","miRNA"
"1754","hsa-miR-4534","miRNA"
"1755","hsa-miR-3171","miRNA"
"1756","hsa-miR-1286","miRNA"
"1757","hsa-miR-4722-5p","miRNA"
"1758","hsa-miR-657","miRNA"
"1759","hsa-miR-6076","miRNA"
"1760","hsa-miR-3189-5p","miRNA"
"1761","hsa-miR-4313","miRNA"
"1762","hsa-miR-6743-3p","miRNA"
"1763","hsa-miR-6720-3p","miRNA"
"1764","hsa-miR-1301-5p","miRNA"
"1765","hsa-miR-8075","miRNA"
"1766","hsa-miR-5580-5p","miRNA"
"1767","hsa-miR-6861-3p","miRNA"
"1768","hsa-miR-492","miRNA"
"1769","hsa-miR-659-5p","miRNA"
"1770","hsa-miR-505-5p","miRNA"
"1771","hsa-miR-765","miRNA"
"1772","hsa-miR-6809-5p","miRNA"
"1773","hsa-miR-593-5p","miRNA"
"1774","hsa-miR-1207-5p","miRNA"
"1775","hsa-miR-874-5p","miRNA"
"1776","hsa-miR-4467","miRNA"
"1777","hsa-miR-92b-5p","miRNA"
"1778","hsa-miR-2861","miRNA"
"1779","hsa-miR-664b-5p","miRNA"
"1780","hsa-miR-4271","miRNA"
"1781","hsa-miR-6762-5p","miRNA"
"1782","hsa-miR-128-1-5p","miRNA"
"1783","hsa-miR-625-5p","miRNA"
"1784","hsa-miR-5010-5p","miRNA"
"1785","hsa-miR-4488","miRNA"
"1786","hsa-miR-6846-5p","miRNA"
"1787","hsa-miR-6795-5p","miRNA"
"1788","hsa-miR-6885-5p","miRNA"
"1789","hsa-miR-342-5p","miRNA"
"1790","hsa-miR-6747-5p","miRNA"
"1791","hsa-miR-555","miRNA"
"1792","hsa-miR-503-3p","miRNA"
"1793","hsa-miR-363-5p","miRNA"
"1794","hsa-miR-6756-5p","miRNA"
"1795","hsa-miR-6503-5p","miRNA"
"1796","hsa-miR-7107-3p","miRNA"
"1797","hsa-miR-4694-5p","miRNA"
"1798","hsa-miR-409-5p","miRNA"
"1799","hsa-miR-92a-1-5p","miRNA"
"1800","hsa-miR-4504","miRNA"
"1801","hsa-miR-542-3p","miRNA"
"1802","hsa-miR-550a-3-5p","miRNA"
"1803","hsa-miR-3691-5p","miRNA"
"1804","hsa-miR-1233-5p","miRNA"
"1805","hsa-miR-4769-5p","miRNA"
"1806","hsa-miR-3152-3p","miRNA"
"1807","hsa-miR-6853-3p","miRNA"
"1808","hsa-miR-6892-5p","miRNA"
"1809","hsa-miR-3941","miRNA"
"1810","hsa-miR-4672","miRNA"
"1811","hsa-miR-6824-5p","miRNA"
"1812","hsa-miR-6789-5p","miRNA"
"1813","hsa-miR-4278","miRNA"
"1814","hsa-miR-3924","miRNA"
"1815","hsa-miR-95-3p","miRNA"
"1816","hsa-miR-3677-3p","miRNA"
"1817","hsa-miR-887-3p","miRNA"
"1818","hsa-miR-5708","miRNA"
"1819","hsa-miR-6790-5p","miRNA"
"1820","hsa-miR-1273h-3p","miRNA"
"1821","hsa-miR-3678-3p","miRNA"
"1822","hsa-miR-4715-3p","miRNA"
"1823","hsa-miR-4737","miRNA"
"1824","hsa-miR-6821-5p","miRNA"
"1825","hsa-miR-4535","miRNA"
"1826","hsa-miR-1269b","miRNA"
"1827","hsa-miR-4730","miRNA"
"1828","hsa-miR-6770-3p","miRNA"
"1829","hsa-miR-1302","miRNA"
"1830","hsa-miR-6780a-5p","miRNA"
"1831","hsa-miR-1228-5p","miRNA"
"1832","hsa-miR-4674","miRNA"
"1833","hsa-miR-1227-5p","miRNA"
"1834","hsa-miR-4665-5p","miRNA"
"1835","hsa-miR-7109-5p","miRNA"
"1836","hsa-miR-6737-5p","miRNA"
"1837","hsa-miR-3170","miRNA"
"1838","hsa-miR-297","miRNA"
"1839","hsa-miR-4433b-5p","miRNA"
"1840","hsa-miR-4260","miRNA"
"1841","hsa-miR-5572","miRNA"
"1842","hsa-miR-142-3p.1","miRNA"
"1843","hsa-miR-4798-3p","miRNA"
"1844","hsa-miR-3680-5p","miRNA"
"1845","hsa-miR-6735-5p","miRNA"
"1846","hsa-miR-6815-5p","miRNA"
"1847","hsa-miR-4746-5p","miRNA"
"1848","hsa-miR-3130-3p","miRNA"
"1849","hsa-miR-6737-3p","miRNA"
"1850","hsa-miR-423-3p","miRNA"
"1851","hsa-miR-4633-3p","miRNA"
"1852","hsa-miR-4791","miRNA"
"1853","hsa-miR-6073","miRNA"
"1854","hsa-miR-6768-5p","miRNA"
"1855","hsa-miR-509-5p","miRNA"
"1856","hsa-miR-3943","miRNA"
"1857","hsa-miR-7160-3p","miRNA"
"1858","hsa-miR-299-3p","miRNA"
"1859","hsa-miR-4685-5p","miRNA"
"1860","hsa-miR-6891-3p","miRNA"
"1861","hsa-miR-6727-3p","miRNA"
"1862","hsa-miR-8052","miRNA"
"1863","hsa-miR-608","miRNA"
"1864","hsa-miR-6745","miRNA"
"1865","hsa-miR-6803-5p","miRNA"
"1866","hsa-miR-302a-3p","miRNA"
"1867","hsa-miR-10a-5p","miRNA"
"1868","hsa-miR-130b-3p","miRNA"
"1869","hsa-miR-187-3p","miRNA"
"1870","hsa-miR-208a-3p","miRNA"
"1871","hsa-miR-499a-5p","miRNA"
"1872","hsa-miR-548ay-3p","miRNA"
"1873","hsa-miR-548m","miRNA"
"1874","hsa-miR-548a-5p","miRNA"
"1875","hsa-miR-4796-3p","miRNA"
"1876","hsa-miR-605-5p","miRNA"
"1877","hsa-miR-4662a-3p","miRNA"
"1878","hsa-miR-519a-3p","miRNA"
"1879","hsa-miR-362-3p","miRNA"
"1880","hsa-miR-1912","miRNA"
"1881","hsa-miR-3654","miRNA"
"1882","hsa-miR-5694","miRNA"
"1883","hsa-miR-596","miRNA"
"1884","hsa-miR-6511a-5p","miRNA"
"1885","hsa-miR-6808-5p","miRNA"
"1886","hsa-miR-7845-5p","miRNA"
"1887","hsa-miR-6782-5p","miRNA"
"1888","hsa-miR-6841-5p","miRNA"
"1889","hsa-miR-3927-3p","miRNA"
"1890","hsa-miR-5588-3p","miRNA"
"1891","hsa-miR-371a-3p","miRNA"
"1892","hsa-miR-3677-5p","miRNA"
"1893","hsa-miR-3074-3p","miRNA"
"1894","hsa-miR-136-3p","miRNA"
"1895","hsa-miR-6514-5p","miRNA"
"1896","hsa-miR-3668","miRNA"
"1897","hsa-miR-7852-3p","miRNA"
"1898","hsa-miR-4491","miRNA"
"1899","hsa-miR-1228-3p","miRNA"
"1900","hsa-miR-3622b-3p","miRNA"
"1901","hsa-miR-4999-3p","miRNA"
"1902","hsa-miR-499b-5p","miRNA"
"1903","hsa-miR-5000-3p","miRNA"
"1904","hsa-miR-3155a","miRNA"
"1905","hsa-miR-4716-5p","miRNA"
"1906","hsa-miR-4421","miRNA"
"1907","hsa-miR-6767-5p","miRNA"
"1908","hsa-miR-373-5p","miRNA"
"1909","hsa-miR-3151-3p","miRNA"
"1910","hsa-miR-6868-5p","miRNA"
"1911","hsa-miR-600","miRNA"
"1912","hsa-miR-635","miRNA"
"1913","hsa-miR-4699-5p","miRNA"
"1914","hsa-miR-549a","miRNA"
"1915","hsa-miR-610","miRNA"
"1916","hsa-miR-4510","miRNA"
"1917","hsa-miR-1236-5p","miRNA"
"1918","hsa-miR-4707-3p","miRNA"
"1919","hsa-miR-3135a","miRNA"
"1920","hsa-miR-4746-3p","miRNA"
"1921","hsa-miR-6722-5p","miRNA"
"1922","hsa-miR-149-3p","miRNA"
"1923","hsa-miR-4649-5p","miRNA"
"1924","hsa-miR-412-5p","miRNA"
"1925","hsa-miR-505-3p.1","miRNA"
"1926","hsa-miR-3618","miRNA"
"1927","hsa-miR-934","miRNA"
"1928","hsa-miR-3689a-5p","miRNA"
"1929","hsa-miR-933","miRNA"
"1930","hsa-miR-6740-5p","miRNA"
"1931","hsa-miR-4666a-5p","miRNA"
"1932","hsa-miR-331-5p","miRNA"
"1933","hsa-miR-4691-5p","miRNA"
"1934","hsa-miR-3192-3p","miRNA"
"1935","hsa-miR-4758-5p","miRNA"
"1936","hsa-miR-500a-3p","miRNA"
"1937","hsa-miR-1202","miRNA"
"1938","hsa-miR-3198","miRNA"
"1939","hsa-miR-30c-2-3p","miRNA"
"1940","hsa-miR-450b-3p","miRNA"
"1941","hsa-miR-3940-5p","miRNA"
"1942","hsa-miR-487a-5p","miRNA"
"1943","hsa-miR-4265","miRNA"
"1944","hsa-miR-4273","miRNA"
"1945","hsa-miR-6509-5p","miRNA"
"1946","hsa-miR-499a-3p","miRNA"
"1947","hsa-miR-4640-3p","miRNA"
"1948","hsa-miR-1283","miRNA"
"1949","hsa-miR-3187-5p","miRNA"
"1950","hsa-miR-6798-3p","miRNA"
"1951","hsa-miR-497-5p","miRNA"
"1952","hsa-miR-449b-5p","miRNA"
"1953","hsa-miR-153-3p","miRNA"
"1954","hsa-miR-376c-3p","miRNA"
"1955","hsa-miR-181a-2-3p","miRNA"
"1956","hsa-miR-4536-3p","miRNA"
"1957","hsa-miR-548au-3p","miRNA"
"1958","hsa-miR-4777-3p","miRNA"
"1959","hsa-miR-8074","miRNA"
"1960","hsa-miR-556-3p","miRNA"
"1961","hsa-miR-548az-3p","miRNA"
"1962","hsa-miR-606","miRNA"
"1963","hsa-miR-4704-5p","miRNA"
"1964","hsa-miR-6510-3p","miRNA"
"1965","hsa-miR-5684","miRNA"
"1966","hsa-miR-6873-5p","miRNA"
"1967","hsa-miR-4781-5p","miRNA"
"1968","hsa-miR-4478","miRNA"
"1969","hsa-miR-6732-5p","miRNA"
"1970","hsa-miR-195-3p","miRNA"
"1971","hsa-miR-545-5p","miRNA"
"1972","hsa-miR-103b","miRNA"
"1973","hsa-miR-1915-3p","miRNA"
"1974","hsa-miR-6840-5p","miRNA"
"1975","hsa-miR-4707-5p","miRNA"
"1976","hsa-miR-340-3p","miRNA"
"1977","hsa-miR-371b-5p","miRNA"
"1978","hsa-miR-7155-5p","miRNA"
"1979","hsa-miR-6759-3p","miRNA"
"1980","hsa-miR-4758-3p","miRNA"
"1981","hsa-miR-6829-3p","miRNA"
"1982","hsa-miR-6780b-5p","miRNA"
"1983","hsa-miR-1343-5p","miRNA"
"1984","hsa-miR-486-3p","miRNA"
"1985","hsa-miR-197-5p","miRNA"
"1986","hsa-miR-1229-5p","miRNA"
"1987","hsa-miR-1262","miRNA"
"1988","hsa-miR-4760-5p","miRNA"
"1989","hsa-miR-208b-3p","miRNA"
"1990","hsa-miR-129-1-3p","miRNA"
"1991","hsa-miR-181d-5p","miRNA"
"1992","hsa-miR-551b-3p","miRNA"
"1993","hsa-miR-1-3p","miRNA"
"1994","hsa-miR-223-3p","miRNA"
"1995","hsa-miR-548ar-3p","miRNA"
"1996","hsa-miR-553","miRNA"
"1997","hsa-miR-548ab","miRNA"
"1998","hsa-miR-548ah-5p","miRNA"
"1999","hsa-miR-3121-3p","miRNA"
"2000","hsa-miR-6816-3p","miRNA"
"2001","hsa-miR-708-5p","miRNA"
"2002","hsa-miR-1285-5p","miRNA"
"2003","hsa-miR-4302","miRNA"
"2004","hsa-miR-4308","miRNA"
"2005","hsa-miR-3687","miRNA"
"2006","hsa-miR-3678-5p","miRNA"
"2007","hsa-miR-8088","miRNA"
"2008","hsa-miR-369-5p","miRNA"
"2009","hsa-miR-601","miRNA"
"2010","hsa-miR-6753-3p","miRNA"
"2011","hsa-miR-494-5p","miRNA"
"2012","hsa-miR-6806-5p","miRNA"
"2013","hsa-miR-4321","miRNA"
"2014","hsa-miR-4423-3p","miRNA"
"2015","hsa-miR-3162-5p","miRNA"
"2016","hsa-miR-425-3p","miRNA"
"2017","hsa-miR-6771-5p","miRNA"
"2018","hsa-miR-4798-5p","miRNA"
"2019","hsa-miR-573","miRNA"
"2020","hsa-miR-6812-5p","miRNA"
"2021","hsa-miR-6741-5p","miRNA"
"2022","hsa-miR-5004-3p","miRNA"
"2023","hsa-miR-3913-5p","miRNA"
"2024","hsa-miR-215-5p","miRNA"
"2025","hsa-miR-106b-5p","miRNA"
"2026","hsa-miR-25-3p","miRNA"
"2027","hsa-miR-30a-5p","miRNA"
"2028","hsa-miR-126-3p.2","miRNA"
"2029","hsa-miR-424-3p","miRNA"
"2030","hsa-miR-4484","miRNA"
"2031","hsa-miR-513a-3p","miRNA"
"2032","hsa-miR-548ai","miRNA"
"2033","hsa-miR-3610","miRNA"
"2034","hsa-miR-4482-5p","miRNA"
"2035","hsa-miR-4463","miRNA"
"2036","hsa-miR-6746-3p","miRNA"
"2037","hsa-miR-4670-5p","miRNA"
"2038","hsa-miR-1910-3p","miRNA"
"2039","hsa-miR-1296-3p","miRNA"
"2040","hsa-miR-3976","miRNA"
"2041","hsa-miR-4269","miRNA"
"2042","hsa-miR-6754-5p","miRNA"
"2043","hsa-miR-885-5p","miRNA"
"2044","hsa-miR-6756-3p","miRNA"
"2045","hsa-miR-6791-5p","miRNA"
"2046","hsa-miR-6850-3p","miRNA"
"2047","hsa-miR-8073","miRNA"
"2048","hsa-miR-1234-3p","miRNA"
"2049","hsa-miR-4509","miRNA"
"2050","hsa-miR-325","miRNA"
"2051","hsa-miR-6764-3p","miRNA"
"2052","hsa-miR-1199-5p","miRNA"
"2053","hsa-miR-6806-3p","miRNA"
"2054","hsa-miR-1180-5p","miRNA"
"2055","hsa-miR-6722-3p","miRNA"
"2056","hsa-miR-4480","miRNA"
"2057","hsa-miR-4632-3p","miRNA"
"2058","hsa-miR-24-1-5p","miRNA"
"2059","hsa-miR-4767","miRNA"
"2060","hsa-miR-6854-3p","miRNA"
"2061","hsa-miR-626","miRNA"
"2062","hsa-miR-711","miRNA"
"2063","hsa-miR-365b-5p","miRNA"
"2064","hsa-miR-4697-5p","miRNA"
"2065","hsa-miR-615-5p","miRNA"
"2066","hsa-miR-7704","miRNA"
"2067","hsa-miR-8078","miRNA"
"2068","hsa-miR-4800-5p","miRNA"
"2069","hsa-miR-376b-5p","miRNA"
"2070","hsa-miR-4524b-5p","miRNA"
"2071","hsa-miR-1295a","miRNA"
"2072","hsa-miR-4473","miRNA"
"2073","hsa-miR-1468-5p","miRNA"
"2074","hsa-miR-3136-5p","miRNA"
"2075","hsa-miR-4659b-5p","miRNA"
"2076","hsa-miR-4298","miRNA"
"2077","hsa-miR-7702","miRNA"
"2078","hsa-miR-450a-5p","miRNA"
"2079","hsa-miR-181c-5p","miRNA"
"2080","hsa-miR-191-5p","miRNA"
"2081","hsa-miR-211-5p","miRNA"
"2082","hsa-miR-518c-3p","miRNA"
"2083","hsa-miR-559","miRNA"
"2084","hsa-miR-4801","miRNA"
"2085","hsa-miR-6836-5p","miRNA"
"2086","hsa-miR-24-2-5p","miRNA"
"2087","hsa-miR-10b-5p","miRNA"
"2088","hsa-miR-625-3p","miRNA"
"2089","hsa-miR-7846-3p","miRNA"
"2090","hsa-miR-1292-3p","miRNA"
"2091","hsa-miR-4454","miRNA"
"2092","hsa-miR-4804-3p","miRNA"
"2093","hsa-miR-8056","miRNA"
"2094","hsa-miR-3688-5p","miRNA"
"2095","hsa-miR-7848-3p","miRNA"
"2096","hsa-miR-4804-5p","miRNA"
"2097","hsa-miR-424-5p","miRNA"
"2098","hsa-miR-18a-5p","miRNA"
"2099","hsa-miR-100-5p","miRNA"
"2100","hsa-miR-5583-5p","miRNA"
"2101","hsa-miR-6082","miRNA"
"2102","hsa-miR-329-3p","miRNA"
"2103","hsa-miR-181c-3p","miRNA"
"2104","hsa-miR-6733-3p","miRNA"
"2105","hsa-miR-4783-3p","miRNA"
"2106","hsa-miR-4304","miRNA"
"2107","hsa-miR-1306-3p","miRNA"
"2108","hsa-miR-6862-3p","miRNA"
"2109","hsa-miR-4520-5p","miRNA"
"2110","hsa-miR-4799-3p","miRNA"
"2111","hsa-miR-3117-5p","miRNA"
"2112","hsa-miR-4537","miRNA"
"2113","hsa-miR-4419a","miRNA"
"2114","hsa-miR-891a-5p","miRNA"
"2115","hsa-miR-6876-3p","miRNA"
"2116","hsa-miR-3619-3p","miRNA"
"2117","hsa-miR-6883-5p","miRNA"
"2118","hsa-miR-6877-5p","miRNA"
"2119","hsa-miR-3178","miRNA"
"2120","hsa-miR-939-5p","miRNA"
"2121","hsa-miR-4703-3p","miRNA"
"2122","hsa-miR-4433a-5p","miRNA"
"2123","hsa-miR-431-5p","miRNA"
"2124","hsa-miR-3115","miRNA"
"2125","hsa-miR-4776-5p","miRNA"
"2126","hsa-miR-4752","miRNA"
"2127","hsa-miR-206","miRNA"
"2128","hsa-miR-34c-5p","miRNA"
"2129","hsa-miR-184","miRNA"
"2130","hsa-miR-337-5p","miRNA"
"2131","hsa-miR-518e-3p","miRNA"
"2132","hsa-miR-3939","miRNA"
"2133","hsa-miR-6758-5p","miRNA"
"2134","hsa-miR-5587-3p","miRNA"
"2135","hsa-miR-6810-3p","miRNA"
"2136","hsa-miR-1247-5p","miRNA"
"2137","hsa-miR-196b-3p","miRNA"
"2138","hsa-miR-151a-5p","miRNA"
"2139","hsa-miR-6746-5p","miRNA"
"2140","hsa-miR-6889-5p","miRNA"
"2141","hsa-miR-6775-5p","miRNA"
"2142","hsa-miR-6070","miRNA"
"2143","hsa-miR-4305","miRNA"
"2144","hsa-miR-8089","miRNA"
"2145","hsa-miR-3195","miRNA"
"2146","hsa-miR-6845-5p","miRNA"
"2147","hsa-miR-675-5p","miRNA"
"2148","hsa-miR-6769b-5p","miRNA"
"2149","hsa-miR-98-3p","miRNA"
"2150","hsa-miR-1185-1-3p","miRNA"
"2151","hsa-miR-6727-5p","miRNA"
"2152","hsa-miR-1225-5p","miRNA"
"2153","hsa-miR-4258","miRNA"
"2154","hsa-miR-4431","miRNA"
"2155","hsa-miR-127-3p","miRNA"
"2156","hsa-miR-1908-3p","miRNA"
"2157","hsa-miR-3605-3p","miRNA"
"2158","hsa-miR-3655","miRNA"
"2159","hsa-miR-4771","miRNA"
"2160","hsa-miR-6820-5p","miRNA"
"2161","hsa-miR-1199-3p","miRNA"
"2162","hsa-miR-3180","miRNA"
"2163","hsa-miR-6870-5p","miRNA"
"2164","hsa-miR-6887-5p","miRNA"
"2165","hsa-miR-4440","miRNA"
"2166","hsa-miR-4655-3p","miRNA"
"2167","hsa-miR-4508","miRNA"
"2168","hsa-miR-3197","miRNA"
"2169","hsa-miR-302c-3p.2","miRNA"
"2170","hsa-miR-548ah-3p","miRNA"
"2171","hsa-miR-4747-3p","miRNA"
"2172","hsa-miR-6838-3p","miRNA"
"2173","hsa-miR-487b-3p","miRNA"
"2174","hsa-miR-7107-5p","miRNA"
"2175","hsa-miR-6786-3p","miRNA"
"2176","hsa-miR-144-5p","miRNA"
"2177","hsa-miR-4498","miRNA"
"2178","hsa-miR-410-5p","miRNA"
"2179","hsa-miR-151a-3p","miRNA"
"2180","hsa-miR-6726-3p","miRNA"
"2181","hsa-miR-639","miRNA"
"2182","hsa-miR-3181","miRNA"
"2183","hsa-miR-4750-5p","miRNA"
"2184","hsa-miR-3944-3p","miRNA"
"2185","hsa-let-7a-2-3p","miRNA"
"2186","hsa-miR-146b-5p","miRNA"
"2187","hsa-miR-1539","miRNA"
"2188","hsa-miR-3193","miRNA"
"2189","hsa-miR-5090","miRNA"
"2190","hsa-miR-4445-3p","miRNA"
"2191","hsa-miR-6794-5p","miRNA"
"2192","hsa-miR-6880-3p","miRNA"
"2193","hsa-miR-4479","miRNA"
"2194","hsa-miR-2277-5p","miRNA"
"2195","hsa-miR-744-5p","miRNA"
"2196","hsa-miR-1273a","miRNA"
"2197","hsa-miR-6084","miRNA"
"2198","hsa-miR-718","miRNA"
"2199","hsa-miR-190b","miRNA"
"2200","hsa-miR-548ar-5p","miRNA"
"2201","hsa-miR-602","miRNA"
"2202","hsa-miR-6743-5p","miRNA"
"2203","hsa-miR-203b-5p","miRNA"
"2204","hsa-miR-200b-5p","miRNA"
"2205","hsa-miR-1284","miRNA"
"2206","hsa-miR-4424","miRNA"
"2207","hsa-miR-3201","miRNA"
"2208","hsa-miR-4745-3p","miRNA"
"2209","hsa-miR-4449","miRNA"
"2210","hsa-miR-4636","miRNA"
"2211","hsa-miR-6886-5p","miRNA"
"2212","hsa-miR-106b-3p","miRNA"
"2213","hsa-miR-4783-5p","miRNA"
"2214","hsa-miR-4749-5p","miRNA"
"2215","hsa-miR-517a-3p","miRNA"
"2216","hsa-miR-4659b-3p","miRNA"
"2217","hsa-miR-30d-3p","miRNA"
"2218","hsa-miR-199b-5p","miRNA"
"2219","hsa-miR-520d-3p","miRNA"
"2220","hsa-miR-433-5p","miRNA"
"2221","hsa-miR-8072","miRNA"
"2222","hsa-miR-4743-5p","miRNA"
"2223","hsa-miR-6781-5p","miRNA"
"2224","hsa-miR-367-3p","miRNA"
"2225","hsa-miR-200c-3p","miRNA"
"2226","hsa-miR-548y","miRNA"
"2227","hsa-miR-1282","miRNA"
"2228","hsa-miR-5588-5p","miRNA"
"2229","hsa-miR-376a-2-5p","miRNA"
"2230","hsa-miR-5687","miRNA"
"2231","hsa-miR-1263","miRNA"
"2232","hsa-miR-20b-5p","miRNA"
"2233","hsa-miR-520b","miRNA"
"2234","hsa-miR-548j-3p","miRNA"
"2235","hsa-miR-6499-5p","miRNA"
"2236","hsa-miR-8058","miRNA"
"2237","hsa-miR-6779-5p","miRNA"
"2238","hsa-miR-641","miRNA"
"2239","hsa-miR-152-3p","miRNA"
"2240","hsa-miR-301a-3p","miRNA"
"2241","hsa-miR-487a-3p","miRNA"
"2242","hsa-miR-6814-3p","miRNA"
"2243","hsa-miR-6781-3p","miRNA"
"2244","hsa-miR-4664-5p","miRNA"
"2245","hsa-miR-4655-5p","miRNA"
"2246","hsa-miR-3940-3p","miRNA"
"2247","hsa-miR-1471","miRNA"
"2248","hsa-miR-6774-3p","miRNA"
"2249","hsa-miR-6869-3p","miRNA"
"2250","hsa-miR-564","miRNA"
"2251","hsa-miR-566","miRNA"
"2252","hsa-miR-7151-3p","miRNA"
"2253","hsa-miR-6763-3p","miRNA"
"2254","hsa-miR-15b-5p","miRNA"
"2255","hsa-miR-132-5p","miRNA"
"2256","hsa-miR-3177-3p","miRNA"
"2257","hsa-miR-20a-5p","miRNA"
"2258","hsa-miR-454-3p","miRNA"
"2259","hsa-miR-32-5p","miRNA"
"2260","hsa-miR-652-3p","miRNA"
"2261","hsa-miR-4738-5p","miRNA"
"2262","hsa-miR-3663-3p","miRNA"
"2263","hsa-miR-6775-3p","miRNA"
"2264","hsa-miR-550a-3p","miRNA"
"2265","hsa-miR-6723-5p","miRNA"
"2266","hsa-miR-4540","miRNA"
"2267","hsa-miR-6850-5p","miRNA"
"2268","hsa-miR-26a-2-3p","miRNA"
"2269","hsa-miR-3935","miRNA"
"2270","hsa-miR-148b-3p","miRNA"
"2271","hsa-miR-548aj-3p","miRNA"
"2272","hsa-miR-548k","miRNA"
"2273","hsa-miR-4523","miRNA"
"2274","hsa-miR-598-3p","miRNA"
"2275","hsa-miR-6860","miRNA"
"2276","hsa-miR-520a-3p","miRNA"
"2277","hsa-miR-449a","miRNA"
"2278","hsa-miR-6893-5p","miRNA"
"2279","hsa-miR-4734","miRNA"
"2280","hsa-miR-339-3p","miRNA"
"2281","hsa-miR-3960","miRNA"
"2282","hsa-miR-521","miRNA"
"2283","hsa-miR-200a-3p","miRNA"
"2284","hsa-miR-126-3p.1","miRNA"
"2285","hsa-miR-6761-3p","miRNA"
"2286","hsa-miR-6749-5p","miRNA"
"2287","hsa-miR-98-5p","miRNA"
"2288","hsa-miR-4706","miRNA"
"2289","hsa-miR-320b","miRNA"
"2290","hsa-miR-4485-3p","miRNA"
"2291","hsa-miR-181d-3p","miRNA"
"2292","hsa-miR-585-5p","miRNA"
"2293","hsa-miR-4754","miRNA"
"2294","hsa-miR-506-3p","miRNA"
"2295","hsa-miR-551a","miRNA"
"2296","hsa-miR-1203","miRNA"
"2297","hsa-miR-6827-3p","miRNA"
"2298","hsa-miR-598-5p","miRNA"
"2299","hsa-miR-7110-5p","miRNA"
"2300","hsa-miR-6788-3p","miRNA"
"2301","hsa-miR-642b-3p","miRNA"
"2302","hsa-miR-519d-3p","miRNA"
"2303","hsa-miR-429","miRNA"
"2304","hsa-let-7g-5p","miRNA"
"2305","hsa-miR-548d-3p","miRNA"
"2306","hsa-miR-7-2-3p","miRNA"
"2307","hsa-miR-6716-3p","miRNA"
"2308","hsa-miR-6726-5p","miRNA"
"2309","hsa-miR-4538","miRNA"
"2310","hsa-miR-6855-3p","miRNA"
